,medalist_name,Event,Medal,Gender
177,Bair Badënov,archery,bronze,male
676,Ilario Di Buò,archery,silver,male
682,Im Dong-hyun,archery,gold,male
760,Jiang Lin,archery,bronze,male
920,Lee Chang-hwan,archery,gold,male
950,Li Wenquan,archery,bronze,male
1043,Marco Galiazzo,archery,silver,male
1107,Mauro Nespoli,archery,silver,male
1314,Park Kyung-mo,archery,silver,male
1710,Viktor Ruban,archery,gold,male
1768,Xue Haifeng,archery,bronze,male
2124,Bérengère Schuh,archery,bronze,female
2160,Chen Ling,archery,silver,female
2472,Guo Dan,archery,silver,female
2656,Joo Hyun-Jung,archery,gold,female
3191,Park Sung-hyun,archery,silver,female
3424,Sophie Dodemont,archery,bronze,female
3595,Virginie Arnold,archery,bronze,female
3696,Yun Ok-hee,archery,bronze,female
3705,Zhang Juanjuan,archery,gold,female
3750,Aaron Armstrong,athletics,gold,male
3767,Ainārs Kovals,athletics,silver,male
3795,Alex Schwazer,athletics,gold,male
3809,Alfred Kirwa Yego,athletics,bronze,male
3842,Andrae Williams,athletics,silver,male
3850,Andreas Thorkildsen,athletics,gold,male
3855,Andrei Krauchanka,athletics,silver,male
3857,Andretti Bain,athletics,silver,male
3862,Andrew Steele,athletics,bronze,male
3865,Andrey Silnov,athletics,gold,male
3876,Angelo Taylor,athletics,gold,male
3915,Asbel Kiprop,athletics,gold,male
3921,Avard Moncur,athletics,silver,male
3951,Bershawn Jackson,athletics,bronze,male
3981,Brimin Kipruto,athletics,gold,male
3992,Bruno de Barros,athletics,bronze,male
3993,Bryan Clay,athletics,gold,male
4055,Chris Brown,athletics,silver,male
4059,Christian Cantwell,athletics,silver,male
4127,David Neville,athletics,bronze,male
4128,David Oliver,athletics,bronze,male
4129,David Payne,athletics,silver,male
4134,Dayron Robles,athletics,gold,male
4142,Denis Nizhegorodov,athletics,bronze,male
4145,Derek Miles,athletics,bronze,male
4179,Dylan Armstrong,athletics,bronze,male
4190,Edwin Soi,athletics,bronze,male
4209,Eliud Kipchoge,athletics,silver,male
4231,Emmanuel Callender,athletics,gold,male
4312,Gerd Kanter,athletics,gold,male
4315,Germaine Mason,athletics,silver,male
4335,Godfrey Khotso Mokoena,athletics,silver,male
4419,Ibrahim Camejo,athletics,bronze,male
4449,Irving Saladino,athletics,gold,male
4456,Ismail Ahmed Ismail,athletics,silver,male
4458,Ivan Tsikhan,athletics,bronze,male
4478,Jaouad Gharib,athletics,silver,male
4480,Jared Tallent,athletics,bronze,male
4494,Jefferson Pérez,athletics,silver,male
4504,Jeremy Wariner,athletics,silver,male
4538,José Carlos Moreira,athletics,bronze,male
4593,Kenenisa Bekele,athletics,gold,male
4598,Kerron Clement,athletics,silver,male
4603,Keston Bledman,athletics,gold,male
4652,LaShawn Merritt,athletics,gold,male
4683,Leevan Sands,athletics,bronze,male
4689,Leonel Suárez,athletics,bronze,male
4771,Mahiedine Mekhissi-Benabbad,athletics,silver,male
4786,Marc Burns,athletics,gold,male
4833,Martyn Rooney,athletics,bronze,male
4871,Mehdi Baala,athletics,bronze,male
4887,Micah Kogo,athletics,bronze,male
4888,Michael Bingham,athletics,bronze,male
4890,Michael Mathieu,athletics,silver,male
4948,Naoki Tsukahara,athletics,silver,male
4974,Nelson Évora,athletics,gold,male
4978,Nick Willis,athletics,silver,male
4998,Nobuharu Asahara,athletics,silver,male
5091,Phillips Idowu,athletics,silver,male
5093,Piotr Małachowski,athletics,silver,male
5099,Primož Kozmus,athletics,gold,male
5121,Ramon Miller,athletics,silver,male
5135,Reggie Witherspoon,athletics,gold,male
5150,Richard Mateelong,athletics,bronze,male
5152,Richard Thompson,athletics,silver,male
5162,Robert Tobin,athletics,bronze,male
5215,Samuel Wanjiru,athletics,gold,male
5219,Sandro Viana,athletics,bronze,male
5261,Shawn Crawford,athletics,silver,male
5271,Shingo Suetsugu,athletics,silver,male
5272,Shinji Takahira,athletics,silver,male
5275,Sileshi Sihine,athletics,silver,male
5319,Steve Hooker,athletics,gold,male
5375,Tero Pitkämäki,athletics,bronze,male
5411,Tomasz Majewski,athletics,gold,male
5429,Tsegaye Kebede,athletics,bronze,male
5435,Usain Bolt,athletics,gold,male
5436,Vadim Devyatovskiy,athletics,silver,male
5441,Valeriy Borchin,athletics,gold,male
5453,Vicente de Lima,athletics,bronze,male
5467,Virgilijus Alekna,athletics,bronze,male
5476,Walter Dix,athletics,bronze,male
5498,Wilfred Bungei,athletics,gold,male
5535,Yaroslav Rybakov,athletics,bronze,male
5552,Yevgeny Lukyanenko,athletics,silver,male
5639,Agnes Osazuwa,athletics,silver,female
5697,Allyson Felix,athletics,silver,female
5756,Anna Chicherova,athletics,bronze,female
5806,Barbora Špotáková,athletics,gold,female
5836,Blanka Vlašić,athletics,silver,female
5837,Blessing Okagbare,athletics,silver,female
5839,Bobby-Gaye Wilkins,athletics,silver,female
5903,Catherine Ndereba,athletics,silver,female
5908,Chelsea Hammond,athletics,bronze,female
5942,Christina Obergföll,athletics,bronze,female
5946,Christine Ohuruogu,athletics,gold,female
5959,Constantina Diță,athletics,gold,female
6007,Dawn Harper-Nelson,athletics,gold,female
6080,Elisa Rigaudo,athletics,bronze,female
6108,Ene Franca Idoko,athletics,silver,female
6122,Eunice Jepkorir,athletics,silver,female
6165,Françoise Mbango Etone,athletics,gold,female
6209,Gloria Kemasuode,athletics,silver,female
6211,Gong Lijiao,athletics,bronze,female
6233,Gölnara Galkina-Sämitevä,athletics,gold,female
6236,Halimat Ismaila,athletics,silver,female
6239,Hanna Mariën,athletics,gold,female
6244,Hasna Benhassi,athletics,bronze,female
6287,Hyleas Fountain,athletics,silver,female
6325,Iryna Lishchynska,athletics,silver,female
6349,Janeth Jepkosgei,athletics,silver,female
6374,Jennifer Suhr,athletics,silver,female
6466,Kelly Sotherton,athletics,bronze,female
6474,Kerron Stewart,athletics,bronze,female
6489,Kim Gevaert,athletics,gold,female
6508,Kjersti Plätzer,athletics,silver,female
6591,Linet Masai,athletics,bronze,female
6621,Lucimar de Moura,athletics,bronze,female
6659,Manuela Montebrun,athletics,bronze,female
6688,Marilyn Okoro,athletics,bronze,female
6694,Mariya Abakumova,athletics,silver,female
6711,Mary Wineberg,athletics,gold,female
6734,Maurren Maggi,athletics,gold,female
6748,Melaine Walker,athletics,gold,female
6759,Meseret Defar,athletics,silver,female
6804,Monique Henderson,athletics,gold,female
6822,Nancy Langat,athletics,gold,female
6835,Nataliya Dobrynska,athletics,gold,female
6836,Nataliya Tobias,athletics,bronze,female
6839,Natasha Hastings,athletics,gold,female
6854,Nicola Sanders,athletics,bronze,female
6883,Novlene Williams-Mills,athletics,silver,female
6899,Olena Antonova,athletics,silver,female
6902,Olga Kaniskina,athletics,gold,female
6907,Olivia Borlée,athletics,gold,female
6911,Oludamola Osayomi,athletics,silver,female
6928,Pamela Jelimo,athletics,gold,female
6976,Priscilla Lopes-Schliep,athletics,bronze,female
7061,Rosemar Coelho Neto,athletics,bronze,female
7062,Rosemarie Whyte,athletics,silver,female
7065,Rosângela Santos,athletics,bronze,female
7084,Sally Pearson,athletics,silver,female
7100,Sanya Richards-Ross,athletics,bronze,female
7132,Shalane Flanagan,athletics,silver,female
7139,Sheena Tosta,athletics,silver,female
7141,Shelly-Ann Fraser-Pryce,athletics,gold,female
7143,Shereefa Lloyd,athletics,silver,female
7144,Shericka Williams,athletics,silver,female
7145,Sherone Simpson,athletics,silver,female
7169,Song Aimin,athletics,bronze,female
7186,Stephanie Brown Trafton,athletics,gold,female
7214,Svetlana Feofanova,athletics,bronze,female
7217,Sylvia Jebiwott Kibet,athletics,bronze,female
7240,Tasha Danvers,athletics,bronze,female
7245,Tatyana Chernova,athletics,bronze,female
7253,Thaissa Presti,athletics,bronze,female
7265,Tia Hellebaut,athletics,gold,female
7278,Tirunesh Dibaba,athletics,gold,female
7315,Valerie Adams,athletics,gold,female
7327,Veronica Campbell-Brown,athletics,gold,female
7416,Yekaterina Volkova,athletics,bronze,female
7418,Yelena Isinbayeva,athletics,gold,female
7429,Yipsi Moreno,athletics,gold,female
7460,Zhang Wenxiu,athletics,silver,female
7475,Zhou Chunxiu,athletics,bronze,female
7492,Élodie Ouédraogo,athletics,gold,female
7751,Cai Yun,badminton,silver,male
7784,Chen Jin,badminton,bronze,male
8045,Fu Haifeng,badminton,silver,male
8123,He Hanbin,badminton,bronze,male
8134,Hendra Setiawan,badminton,gold,male
8160,Hwang Ji-man,badminton,bronze,male
8421,Lee Chong Wei,badminton,silver,male
8424,Lee Jae-jin,badminton,bronze,male
8431,Lee Yong-dae,badminton,gold,male
8459,Lin Dan,badminton,gold,male
8576,Markis Kido,badminton,gold,male
8756,Nova Widianto,badminton,silver,male
9798,Du Jing,badminton,gold,female
10298,Lee Hyo-jung,badminton,silver,female
10302,Lee Kyung-won,badminton,silver,female
10332,Liliyana Natsir,badminton,silver,female
10425,Maria Kristin Yulianti,badminton,bronze,female
11118,Wei Yili,badminton,bronze,female
11136,Xie Xingfang,badminton,silver,female
11190,Yu Yang,badminton,gold,female
11208,Zhang Ning,badminton,gold,female
11216,Zhang Yawen,badminton,bronze,female
11263,Adiel Palma,baseball,silver,male
11299,Alexander Malleta,baseball,silver,male
11306,Alexei Bell,baseball,silver,male
11310,Alfredo Despaigne,baseball,silver,male
11406,Ariel Pestano,baseball,silver,male
11460,Blaine Neal,baseball,bronze,male
11465,Bong Jung-keun,baseball,gold,male
11470,Brandon Knight,baseball,bronze,male
11476,Brett Anderson,baseball,bronze,male
11477,Brian Barden,baseball,bronze,male
11478,Brian Duensing,baseball,bronze,male
11523,Casey Weathers,baseball,bronze,male
11552,Chong Tae-hyon,baseball,gold,male
11647,Dexter Fowler,baseball,bronze,male
11688,Eduardo Paret,baseball,silver,male
11704,Elier Sánchez,baseball,silver,male
11738,Eriel Sánchez,baseball,silver,male
11791,Frederich Cepeda,baseball,silver,male
11825,Giorvis Duvergel,baseball,silver,male
11863,Han Ki-joo,baseball,gold,male
11913,Hyun-jin Ryu,baseball,gold,male
11914,Héctor Olivera,baseball,silver,male
11964,Jake Arrieta,baseball,bronze,male
11976,Jang Won-sam,baseball,gold,male
11983,Jason Donald,baseball,bronze,male
11990,Jayson Nix,baseball,bronze,male
11993,Jeff Stevens,baseball,bronze,male
12002,Jeong Keun-woo,baseball,gold,male
12003,Jeremy Cummings,baseball,bronze,male
12018,Jin Kab-yong,baseball,gold,male
12024,John Gall,baseball,bronze,male
12030,Jonder Martínez,baseball,silver,male
12067,Kang Min-ho,baseball,gold,male
12106,Kevin Jepsen,baseball,bronze,male
12113,Kim Dong-ju,baseball,gold,male
12116,Kim Hyun-soo,baseball,gold,male
12119,Kim Kwang-hyun,baseball,gold,male
12121,Kim Min-jae,baseball,gold,male
12135,Ko Young-min,baseball,gold,male
12145,Kwon Hyuk,baseball,gold,male
12172,Lee Dae-ho,baseball,gold,male
12175,Lee Jin-young,baseball,gold,male
12176,Lee Jong-wook,baseball,gold,male
12179,Lee Seung-yuop,baseball,gold,male
12180,Lee Taek-keun,baseball,gold,male
12182,Lee Yong-kyu,baseball,gold,male
12233,Lou Marson,baseball,bronze,male
12250,Luis Miguel Navas,baseball,silver,male
12251,Luis Miguel Rodríguez,baseball,silver,male
12343,Matt LaPorta,baseball,bronze,male
12348,Matthew Brown,baseball,bronze,male
12399,Michel Enríquez,baseball,silver,male
12404,Miguel Lahera,baseball,silver,male
12410,Mike Hessman,baseball,bronze,male
12411,Mike Koplove,baseball,bronze,male
12467,Nate Schierholtz,baseball,bronze,male
12503,Norberto González,baseball,silver,male
12504,Norge Luis Vera,baseball,silver,male
12514,Oh Seung-hwan,baseball,gold,male
12563,Park Jin-man,baseball,gold,male
12578,Pedro Luis Lazo,baseball,silver,male
12674,Rolando Meriño,baseball,silver,male
12797,Song Seung-jun,baseball,gold,male
12817,Stephen Strasburg,baseball,bronze,male
12871,Taylor Teagarden,baseball,bronze,male
12876,Terry Tiffee,baseball,bronze,male
12927,Trevor Cahill,baseball,bronze,male
12958,Vicyohandri Odelín,baseball,silver,male
13020,Yadier Pedroso,baseball,silver,male
13056,Yoandry Urgellés,baseball,silver,male
13061,Yoon Suk-min,baseball,gold,male
13068,Yulieski Gurriel,baseball,silver,male
13248,Andrés Nocioni,basketball,bronze,male
13277,Antonio Porta,basketball,bronze,male
13325,Berni Rodríguez,basketball,silver,male
13384,Carlos Boozer,basketball,gold,male
13385,Carlos Delfino,basketball,bronze,male
13387,Carlos Jiménez,basketball,silver,male
13391,Carmelo Anthony,basketball,gold,male
13429,Chris Bosh,basketball,gold,male
13433,Chris Paul,basketball,gold,male
13552,Dwight Howard,basketball,gold,male
13553,Dwyane Wade,basketball,gold,male
13635,Fabricio Oberto,basketball,bronze,male
13641,Federico Kammerichs,basketball,bronze,male
13643,Felipe Reyes,basketball,silver,male
13860,Jason Kidd,basketball,gold,male
13907,Jorge Garbajosa,basketball,silver,male
13912,José Calderón,basketball,silver,male
13918,Juan Carlos Navarro,basketball,silver,male
13921,Juan Pedro Gutiérrez,basketball,bronze,male
14011,Kobe Bryant,basketball,gold,male
14043,LeBron James,basketball,gold,male
14063,Leonardo Gutiérrez,basketball,bronze,male
14127,Luis Scola,basketball,bronze,male
14155,Manu Ginóbili,basketball,bronze,male
14162,Marc Gasol,basketball,silver,male
14268,Michael Redd,basketball,gold,male
14423,Pablo Prigioni,basketball,bronze,male
14435,Paolo Quinteros,basketball,bronze,male
14446,Pau Gasol,basketball,silver,male
14504,Raül López,basketball,silver,male
14530,Ricky Rubio,basketball,silver,male
14554,Román González,basketball,bronze,male
14569,Rudy Fernández,basketball,silver,male
14747,Tayshaun Prince,basketball,gold,male
14989,Álex Mumbrú,basketball,silver,male
15186,Becky Hammon,basketball,bronze,female
15188,Belinda Snell,basketball,silver,female
15254,Candace Parker,basketball,gold,female
15255,Cappie Pondexter,basketball,gold,female
15385,DeLisha Milton-Jones,basketball,gold,female
15399,Diana Taurasi,basketball,gold,female
15479,Emma Randall,basketball,silver,female
15492,Erin Phillips,basketball,silver,female
15646,Hollie Grima,basketball,silver,female
15679,Ilona Korstin,basketball,bronze,female
15696,Irina Osipova,basketball,bronze,female
15698,Irina Sokolovskaya,basketball,bronze,female
15746,Jenni Screen,basketball,silver,female
15819,Kara Lawson,basketball,gold,female
15834,Katie Smith,basketball,gold,female
15890,Kristi Harrower,basketball,silver,female
15910,Laura Summerton,basketball,silver,female
15912,Lauren Jackson,basketball,silver,female
15970,Lisa Leslie,basketball,gold,female
16052,Maria Stepanova,basketball,bronze,female
16064,Marina Karpunina,basketball,bronze,female
16065,Marina Kuzina,basketball,bronze,female
16204,Natalia Vodopyanova,basketball,bronze,female
16296,Oxana Rakhmatulina,basketball,bronze,female
16329,Penny Taylor,basketball,silver,female
16422,Rohanee Cox,basketball,silver,female
16494,Seimone Augustus,basketball,gold,female
16576,Sue Bird,basketball,gold,female
16585,Suzy Batkovic,basketball,silver,female
16587,Svetlana Abrosimova,basketball,bronze,female
16591,Sylvia Fowles,basketball,gold,female
16600,Tamika Catchings,basketball,gold,female
16619,Tatiana Shchegoleva,basketball,bronze,female
16652,Tina Thompson,basketball,gold,female
16680,Tully Bevilaqua,basketball,silver,female
16789,Yekaterina Lisina,basketball,bronze,female
16908,Aleksei Tishchenko,boxing,gold,male
16933,Alexis Vastine,boxing,bronze,male
16993,Andry Laffita,boxing,silver,male
17054,Bakhyt Sarsekbayev,boxing,gold,male
17114,Bruno Julie,boxing,bronze,male
17133,Carlos Banteux,boxing,silver,male
17205,Clemente Russo,boxing,silver,male
17235,Daouda Sow,boxing,silver,male
17239,Darren Sutherland,boxing,bronze,male
17255,David Price,boxing,bronze,male
17269,Deontay Wilder,boxing,bronze,male
17345,Emilio Correa,boxing,silver,male
17360,Enkhbatyn Badar-Uugan,boxing,gold,male
17434,Georgy Balakshin,boxing,bronze,male
17525,Hrachik Javakhyan,boxing,bronze,male
17591,James DeGale,boxing,gold,male
17690,Kanat Islam,boxing,bronze,male
17720,Kenny Egan,boxing,silver,male
17734,Khedafi Djelkhir,boxing,silver,male
17743,Kim Jung-joo,boxing,bronze,male
17907,Manuel Félix Díaz,boxing,gold,male
17910,Manus Boonjumnong,boxing,silver,male
17976,Matthew Luu,boxing,bronze,male
18167,Osmay Acosta,boxing,bronze,male
18175,Paddy Barnes,boxing,bronze,male
18228,Pürevdorjiin Serdamba,boxing,silver,male
18241,Rakhim Chakhkiyev,boxing,gold,male
18288,Roberto Cammarelle,boxing,gold,male
18308,Roniel Iglesias,boxing,bronze,male
18381,Shahin Imranov,boxing,bronze,male
18417,Somjit Jongjohor,boxing,gold,male
18545,Tony Jeffries,boxing,bronze,male
18572,Vasyl Lomachenko,boxing,gold,male
18573,Veaceslav Gojan,boxing,bronze,male
18584,Vijender Singh,boxing,bronze,male
18589,Vincenzo Picardi,boxing,bronze,male
18646,Yakup Kılıç,boxing,bronze,male
18648,Yampier Hernández,boxing,bronze,male
18658,Yankiel León,boxing,silver,male
18673,Yerkebulan Shynaliyev,boxing,bronze,male
18689,Yordenis Ugás,boxing,bronze,male
18714,Zhang Xiaoping,boxing,gold,male
18719,Zhang Zhilei,boxing,silver,male
18737,Zou Shiming,boxing,gold,male
18762,Adam van Koeverden,canoeing and kayaking,silver,male
18780,Aleksandr Kostoglod,canoeing and kayaking,silver,male
18798,Alexander Grimm,canoeing and kayaking,gold,male
18812,Aliaksandr Bahdanovich,canoeing and kayaking,gold,male
18813,Aliaksei Abalmasau,canoeing and kayaking,gold,male
18844,Andrea Facchin,canoeing and kayaking,bronze,male
18849,Andreas Ihle,canoeing and kayaking,gold,male
18854,Andrei Bahdanovich,canoeing and kayaking,gold,male
18903,Antonio Scaduto,canoeing and kayaking,bronze,male
18914,Artur Litvinchuk,canoeing and kayaking,gold,male
18920,Attila Vajda,canoeing and kayaking,gold,male
18944,Benjamin Boukpeti,canoeing and kayaking,bronze,male
18959,Björn Goldschmidt,canoeing and kayaking,bronze,male
19015,Carlos Pérez Rial,canoeing and kayaking,gold,male
19060,Christian Gille,canoeing and kayaking,bronze,male
19117,David Cal,canoeing and kayaking,silver,male
19122,David Florence,canoeing and kayaking,silver,male
19166,Dmitry Larionov,canoeing and kayaking,bronze,male
19194,Eirik Verås Larsen,canoeing and kayaking,silver,male
19240,Erik Vlček,canoeing and kayaking,silver,male
19258,Fabien Lefèvre,canoeing and kayaking,silver,male
19356,György Kozmann,canoeing and kayaking,bronze,male
19481,Jaroslav Volf,canoeing and kayaking,silver,male
19556,Juraj Tarr,canoeing and kayaking,silver,male
19592,Ken Wallace,canoeing and kayaking,gold,male
19627,Kim Wraae Knudsen,canoeing and kayaking,silver,male
19755,Lutz Altepost,canoeing and kayaking,bronze,male
19830,Martin Hollstein,canoeing and kayaking,gold,male
19863,Maxim Opalev,canoeing and kayaking,gold,male
19880,Meng Guanliang,canoeing and kayaking,gold,male
19894,Michal Martikán,canoeing and kayaking,gold,male
19895,Michal Riszdorfer,canoeing and kayaking,silver,male
19914,Mikhail Kuznetsov,canoeing and kayaking,bronze,male
20005,Norman Bröckl,canoeing and kayaking,bronze,male
20039,Ondřej Štěpánek,canoeing and kayaking,silver,male
20076,Pavol Hochschorner,canoeing and kayaking,gold,male
20082,Peter Hochschorner,canoeing and kayaking,gold,male
20118,Raman Pietrushenka,canoeing and kayaking,bronze,male
20144,René Holten Poulsen,canoeing and kayaking,silver,male
20151,Richard Riszdorfer,canoeing and kayaking,silver,male
20164,Robin Bell,canoeing and kayaking,bronze,male
20180,Ronald Rauhe,canoeing and kayaking,silver,male
20238,Saúl Craviotto,canoeing and kayaking,gold,male
20250,Sergey Ulegin,canoeing and kayaking,silver,male
20351,Tamás Kiss,canoeing and kayaking,bronze,male
20386,Thomas Hall,canoeing and kayaking,bronze,male
20396,Tim Brabants,canoeing and kayaking,bronze,male
20399,Tim Wieskötter,canoeing and kayaking,silver,male
20413,Tomasz Wylenzek,canoeing and kayaking,bronze,male
20423,Torsten Eckbrett,canoeing and kayaking,bronze,male
20438,Vadzim Makhneu,canoeing and kayaking,bronze,male
20529,Yang Wenjun,canoeing and kayaking,gold,male
20572,Yuriy Cheban,canoeing and kayaking,bronze,male
20749,Aneta Konieczna,canoeing and kayaking,silver,female
20768,Anne-Laure Viard,canoeing and kayaking,bronze,female
20809,Beata Mikołajczyk,canoeing and kayaking,silver,female
20906,Chantal Meek,canoeing and kayaking,bronze,female
20958,Conny Waßmuth,canoeing and kayaking,gold,female
20983,Danuta Kozák,canoeing and kayaking,silver,female
21077,Elena Kaliská,canoeing and kayaking,gold,female
21136,Fanny Fischer,canoeing and kayaking,gold,female
21175,Gabriella Szabó,canoeing and kayaking,silver,female
21241,Hannah Davis,canoeing and kayaking,bronze,female
21313,Inna Osypenko-Radomska,canoeing and kayaking,gold,female
21336,Jacqueline Lawrence,canoeing and kayaking,silver,female
21408,Josefa Idem,canoeing and kayaking,silver,female
21452,Katalin Kovács,canoeing and kayaking,gold,female
21461,Katrin Wagner-Augustin,canoeing and kayaking,bronze,female
21596,Lisa Oldenhof,canoeing and kayaking,bronze,female
21632,Lyndsie Fogarty,canoeing and kayaking,bronze,female
21684,Marie Delattre,canoeing and kayaking,bronze,female
21838,Natasa Dusev-Janics,canoeing and kayaking,gold,female
21860,Nicole Reinhardt,canoeing and kayaking,gold,female
22340,Violetta Oblinger-Peters,canoeing and kayaking,bronze,female
22552,Alexandr Kolobnev,road bicycle racing,bronze,male
23002,Fabian Cancellara,road bicycle racing,silver,male
23102,Gustav Larsson,road bicycle racing,silver,male
23442,Levi Leipheimer,road bicycle racing,bronze,male
23964,Samuel Sánchez,road bicycle racing,gold,male
24850,Emma Johansson,road bicycle racing,silver,female
24853,Emma Pooley,road bicycle racing,silver,female
25199,Karin Thürig,road bicycle racing,bronze,female
25266,Kristin Armstrong,road bicycle racing,gold,female
25608,Nicole Cooke,road bicycle racing,gold,female
25992,Tatiana Guderzo,road bicycle racing,bronze,female
26293,Alex Rasmussen,track cycling,silver,male
26307,Alexei Markov,track cycling,bronze,male
26410,Arnaud Tournant,track cycling,silver,male
26468,Bradley Wiggins,track cycling,gold,male
26524,Casper Jørgensen,track cycling,silver,male
26556,Chris Hoy,track cycling,gold,male
26557,Chris Newton,track cycling,bronze,male
26683,Ed Clancy,track cycling,gold,male
26811,Geraint Thomas,track cycling,gold,male
26841,Grégory Baugé,track cycling,silver,male
26870,Hayden Roulston,track cycling,silver,male
26970,Jamie Staff,track cycling,gold,male
26984,Jason Kenny,track cycling,silver,male
27000,Jens-Erik Madsen,track cycling,silver,male
27005,Jesse Sergent,track cycling,bronze,male
27020,Joan Llaneras Roselló,track cycling,silver,male
27044,Juan Curuchet,track cycling,gold,male
27132,Kiyofumi Nagai,track cycling,bronze,male
27150,Kévin Sireau,track cycling,silver,male
27288,Marc Ryan,track cycling,bronze,male
27364,Maximilian Levy,track cycling,bronze,male
27389,Michael Færk Christensen,track cycling,silver,male
27391,Michael Mørkøv,track cycling,silver,male
27401,Mickaël Bourgain,track cycling,bronze,male
27413,Mikhail Ignatiev,track cycling,bronze,male
27573,Paul Manning,track cycling,gold,male
27643,René Enders,track cycling,bronze,male
27671,Roger Kluge,track cycling,silver,male
27688,Ross Edgar,track cycling,silver,male
27711,Sam Bewley,track cycling,bronze,male
27808,Stefan Nimke,track cycling,bronze,male
27821,Steven Burke,track cycling,bronze,male
27916,Toni Tauler,track cycling,silver,male
27977,Walter Pérez,track cycling,gold,male
27996,Westley Gough,track cycling,bronze,male
28260,Anna Meares,track cycling,silver,female
28724,Guo Shuang,track cycling,bronze,female
29059,Leire Olaberria,track cycling,bronze,female
29065,Lesya Kalytovska,track cycling,bronze,female
29182,Marianne Vos,track cycling,gold,female
29507,Rebecca Romero,track cycling,gold,female
29832,Victoria Pendleton,track cycling,gold,female
29870,Wendy Houvenaghel,track cycling,silver,female
29932,Yoanka González,track cycling,silver,female
30741,Jean-Christophe Péraud,mountain biking,silver,male
30800,Julien Absalon,mountain biking,gold,male
31247,Nino Schurter,mountain biking,bronze,male
32570,Irina Kalentieva,mountain biking,bronze,female
32898,Maja Włoszczowska,mountain biking,silver,female
33330,Sabine Spitz,mountain biking,gold,female
34170,Donny Robinson,bmx,bronze,male
34909,Mike Day,bmx,silver,male
34941,Māris Štrombergs,bmx,gold,male
35767,Anne-Caroline Chausson,bmx,gold,female
36391,Jill Kintner,bmx,bronze,female
36542,Laëtitia Le Corguillé,bmx,silver,female
37553,Alexandre Despatie,diving,silver,male
37913,Dmitri Sautin,diving,silver,male
37914,Dmitriy Dobroskok,diving,bronze,male
38082,Gleb Galperin,diving,bronze,male
38122,He Chong,diving,gold,male
38159,Huo Liang,diving,gold,male
38178,Illya Kvasha,diving,bronze,male
38460,Lin Yue,diving,gold,male
38602,Matthew Mitcham,diving,gold,male
38773,Oleksiy Pryhorov,diving,bronze,male
38818,Patrick Hausding,diving,silver,male
38854,Qin Kai,diving,bronze,male
38983,Sascha Klein,diving,silver,male
39230,Wang Feng,diving,gold,male
39323,Yuriy Kunakov,diving,silver,male
39351,Zhou Lüxin,diving,silver,male
39461,Anastasia Pozdniakova,diving,silver,female
39607,Briony Cole,diving,silver,female
39662,Chen Ruolin,diving,gold,female
39787,Ditte Kotzian,diving,bronze,female
39973,Guo Jingjing,diving,gold,female
40006,Heike Fischer,diving,bronze,female
40504,Melissa Wu,diving,silver,female
40682,Paola Espinosa,diving,bronze,female
40993,Tatiana Ortiz,diving,bronze,female
41113,Wang Xin,diving,bronze,female
41128,Wu Minxia,diving,bronze,female
41195,Yuliya Pakhalina,diving,silver,female
41243,Émilie Heymans,diving,silver,female
41379,Anky van Grunsven,equestrian sport,gold,female
41391,Anne van Olst,equestrian sport,bronze,female
41437,Beezie Madden,equestrian sport,bronze,female
41566,Christina Liebherr,equestrian sport,bronze,female
41596,Daisy Dick,equestrian sport,bronze,female
41822,Gina Miles,equestrian sport,silver,female
41882,Heike Kemmer,equestrian sport,bronze,female
41934,Imke Bartels,equestrian sport,silver,female
41937,Ingrid Klimke,equestrian sport,gold,female
41954,Isabell Werth,equestrian sport,silver,female
42015,Jill Henselwood,equestrian sport,silver,female
42142,Kristina Cook,equestrian sport,bronze,female
42158,Laura Kraut,equestrian sport,gold,female
42247,Lucinda Fredericks,equestrian sport,silver,female
42334,Mary King,equestrian sport,bronze,female
42369,Megan Jones,equestrian sport,silver,female
42443,Nadine Capellmann,equestrian sport,gold,female
42600,Princess Nathalie of Sayn-Wittgenstein-Berleburg,equestrian sport,bronze,female
42760,Sharon Hunt,equestrian sport,bronze,female
42798,Sonja Johnson,equestrian sport,silver,female
43222,Andreas Dibowski,equestrian sport,gold,male
43223,Andreas Helgstrand,equestrian sport,bronze,male
43453,Clayton Fredericks,equestrian sport,silver,male
43612,Eric Lamaze,equestrian sport,gold,male
43664,Frank Ostholt,equestrian sport,gold,male
43743,Hans Peter Minderhoud,equestrian sport,silver,male
43766,Hinrich Romeike,equestrian sport,gold,male
43793,Ian Millar,equestrian sport,silver,male
44142,Mac Cone,equestrian sport,silver,male
44242,McLain Ward,equestrian sport,gold,male
44367,Niklaus Schurtenberger,equestrian sport,bronze,male
44460,Peter Thomsen,equestrian sport,gold,male
44470,Pius Schwizer,equestrian sport,bronze,male
44550,Rolf-Göran Bengtsson,equestrian sport,silver,male
44633,Shane Rose,equestrian sport,silver,male
44693,Steve Guerdat,equestrian sport,bronze,male
44874,Will Simpson,equestrian sport,gold,male
44875,William Fox-Pitt,equestrian sport,bronze,male
45010,Adam Wiercioch,fencing,silver,male
45024,Aldo Montano,fencing,bronze,male
45061,Alfredo Rota,fencing,bronze,male
45196,Benjamin Kleibrink,fencing,gold,male
45216,Boris Sanson,fencing,gold,male
45403,Diego Confalonieri,fencing,bronze,male
45404,Diego Occhiuzzi,fencing,bronze,male
45509,Fabrice Jeannet,fencing,silver,male
45569,Gianpiero Pastore,fencing,bronze,male
45717,James Leighman Williams,fencing,silver,male
45737,Jason Rogers,fencing,silver,male
45790,José Luis Abajo,fencing,bronze,male
45804,Julien Pillet,fencing,gold,male
45811,Jérôme Jeannet,fencing,gold,male
45838,Keeth Smart,fencing,silver,male
45999,Luigi Tarantino,fencing,bronze,male
46097,Matteo Tagliariol,fencing,gold,male
46155,Mihai Covaliu,fencing,bronze,male
46231,Nicolas Lopez,fencing,silver,male
46358,Radosław Zawrotniak,fencing,silver,male
46409,Robert Andrzejuk,fencing,silver,male
46460,Salvatore Sanzo,fencing,bronze,male
46559,Stefano Carozzo,fencing,bronze,male
46648,Tim Morehouse,fencing,silver,male
46662,Tomasz Motyka,fencing,silver,male
46683,Ulrich Robeiri,fencing,gold,male
46827,Yūki Ōta,fencing,silver,male
46849,Zhong Man,fencing,gold,male
46891,Aida Shanayeva,fencing,gold,female
46956,Ana Maria Popescu,fencing,silver,female
47055,Bao Yingying,fencing,silver,female
47108,Britta Heidemann,fencing,gold,female
47347,Emily Cross,fencing,silver,female
47368,Erinn Smart,fencing,silver,female
47451,Giovanna Trillini,fencing,bronze,female
47487,Halyna Pundyk,fencing,gold,female
47490,Hanna Thompson,fencing,silver,female
47528,Huang Haiyang,fencing,silver,female
47550,Ilaria Salvatori,fencing,bronze,female
47552,Ildikó Mincza-Nébald,fencing,bronze,female
47924,Margherita Granbassi,fencing,bronze,female
47936,Mariel Zagunis,fencing,gold,female
48071,Nam Hyun-Hee,fencing,silver,female
48100,Ni Hong,fencing,silver,female
48150,Olena Khomrova,fencing,gold,female
48154,Olha Kharlan,fencing,gold,female
48155,Olha Zhovnir,fencing,gold,female
48259,Rebecca Ward,fencing,bronze,female
48332,Sada Jacobson,fencing,silver,female
48463,Svetlana Boiko,fencing,gold,female
48481,Tan Xue,fencing,silver,female
48564,Valentina Vezzali,fencing,gold,female
48586,Viktoria Nikishina,fencing,gold,female
48675,Yevgeniya Lamonova,fencing,gold,female
48772,Albert Sala,field hockey,silver,male
48791,Alex Fàbregas,field hockey,silver,male
48861,Andrew Smith,field hockey,bronze,male
48948,Benjamin Weß,field hockey,gold,male
48955,Bevan George,field hockey,bronze,male
49013,Carlos Nevado,field hockey,gold,male
49075,Christopher Zeller,field hockey,gold,male
49115,David Alegre,field hockey,silver,male
49123,David Guest,field hockey,bronze,male
49146,Des Abbott,field hockey,bronze,male
49184,Eddie Ockenden,field hockey,bronze,male
49186,Eduard Arbós,field hockey,silver,male
49187,Eduard Tubau,field hockey,silver,male
49203,Eli Matheson,field hockey,bronze,male
49273,Fergus Kavanagh,field hockey,bronze,male
49280,Florian Keller,field hockey,gold,male
49287,Francisco Cortés,field hockey,silver,male
49288,Francisco Fábregas Monegal,field hockey,silver,male
49339,Grant Schubert,field hockey,bronze,male
49469,Jamie Dwyer,field hockey,bronze,male
49472,Jan-Marco Montag,field hockey,gold,male
49545,Juan Fernández La Villa,field hockey,silver,male
49611,Kiel Brown,field hockey,bronze,male
49703,Liam de Young,field hockey,bronze,male
49753,Luke Doerner,field hockey,bronze,male
49824,Mark Knowles,field hockey,bronze,male
49853,Matthew Wells,field hockey,bronze,male
49855,Matthias Witthaus,field hockey,gold,male
49861,Max Weinhold,field hockey,gold,male
49865,Maximilian Müller,field hockey,gold,male
49933,Moritz Fürste,field hockey,gold,male
49991,Niklas Meinert,field hockey,gold,male
50031,Oliver Korn,field hockey,gold,male
50089,Philip Witte,field hockey,gold,male
50090,Philipp Zeller,field hockey,gold,male
50096,Pol Amat,field hockey,silver,male
50122,Ramón Alegre,field hockey,silver,male
50160,Robert Hammond,field hockey,bronze,male
50166,Roc Oliva,field hockey,silver,male
50168,Rodrigo Garza,field hockey,silver,male
50223,Santi Freixa,field hockey,silver,male
50243,Sebastian Biederlack,field hockey,gold,male
50251,Sergi Enrique,field hockey,silver,male
50315,Stephen Lambert,field hockey,bronze,male
50394,Tibor Weißenborn,field hockey,gold,male
50401,Timo Weß,field hockey,gold,male
50404,Tobias Hauke,field hockey,gold,male
50426,Travis Brooks,field hockey,bronze,male
50473,Víctor Sojo,field hockey,silver,male
50507,Xavier Ribas,field hockey,silver,male
50650,Alejandra Gulla,field hockey,bronze,female
50815,Belén Succi,field hockey,bronze,female
50881,Carla Rebecchi,field hockey,bronze,female
50911,Chen Qiuqi,field hockey,silver,female
50917,Chen Zhaoxia,field hockey,silver,female
50919,Cheng Hui,field hockey,silver,female
50952,Claudia Burkart,field hockey,bronze,female
51066,Eefke Mulder,field hockey,gold,female
51087,Ellen Hoog,field hockey,gold,female
51123,Eva de Goede,field hockey,gold,female
51137,Fatima Moreira de Melo,field hockey,gold,female
51169,Fu Baorong,field hockey,silver,female
51176,Gao Lihua,field hockey,silver,female
51204,Giselle Kañevsky,field hockey,bronze,female
51279,Huang Junxia,field hockey,silver,female
51352,Janneke Schopman,field hockey,gold,female
51570,Li Hongxia,field hockey,silver,female
51574,Li Shuang,field hockey,silver,female
51581,Lidewij Welten,field hockey,gold,female
51597,Lisanne de Roever,field hockey,gold,female
51617,Luciana Aymar,field hockey,bronze,female
51637,Ma Yibo,field hockey,silver,female
51640,Maartje Goderie,field hockey,gold,female
51641,Maartje Paumen,field hockey,gold,female
51645,Magdalena Aicega,field hockey,bronze,female
51679,Mariana González Oliva,field hockey,bronze,female
51680,Mariana Rossi,field hockey,bronze,female
51687,Marilyn Agliotti,field hockey,gold,female
51691,Mariné Russo,field hockey,bronze,female
51713,María de la Paz Hernández,field hockey,bronze,female
51756,Mercedes Margalot,field hockey,bronze,female
51777,Miek van Geenhuizen,field hockey,gold,female
51794,Minke Booij,field hockey,gold,female
51795,Minke Smeets,field hockey,gold,female
51824,Naomi van As,field hockey,gold,female
51875,Noel Barrionuevo,field hockey,bronze,female
51929,Pan Fengzhen,field hockey,silver,female
51934,Paola Vukojicic,field hockey,bronze,female
52014,Ren Ye,field hockey,silver,female
52060,Rosario Luchetti,field hockey,bronze,female
52165,Soledad García,field hockey,bronze,female
52171,Song Qingling,field hockey,silver,female
52175,Sophie Polkamp,field hockey,gold,female
52234,Tang Chunling,field hockey,silver,female
52372,Wieke Dijkstra,field hockey,gold,female
52467,Zhang Yimeng,field hockey,silver,female
52472,Zhao Yudiao,field hockey,silver,female
52478,Zhou Wanfeng,field hockey,silver,female
52544,Alex Sandro da Silva,association football,bronze,male
52554,Alexandre Pato,association football,bronze,male
52576,Ambruse Vanzekin,association football,silver,male
52590,Anderson,association football,bronze,male
52724,Breno Borges,association football,bronze,male
52796,Chibuzor Okonkwo,association football,silver,male
52799,Chinedu Obasi,association football,silver,male
52889,Dele Adeleye,association football,silver,male
52901,Diego Alves,association football,bronze,male
52902,Diego Buonanotte,association football,gold,male
52905,Diego Ribas da Cunha,association football,bronze,male
52942,Efe Ambrose,association football,silver,male
52982,Emmanuel Ekpo,association football,silver,male
53000,Ezequiel Garay,association football,gold,male
53001,Ezequiel Lavezzi,association football,gold,male
53015,Federico Fazio,association football,gold,male
53026,Fernando Gago,association football,gold,male
53138,Hernanes,association football,bronze,male
53172,Ikechukwu Ezenwa,association football,silver,male
53181,Ilsinho,association football,bronze,male
53202,Isaac Promise,association football,silver,male
53239,Javier Mascherano,association football,gold,male
53291,José Sosa,association football,gold,male
53297,Juan Román Riquelme,association football,gold,male
53312,Jô,association football,bronze,male
53415,Lautaro Acosta,association football,gold,male
53468,Lionel Messi,association football,gold,male
53491,Lucas Leiva,association football,bronze,male
53493,Luciano Fabián Monzón,association football,gold,male
53539,Marcel,association football,bronze,male
53677,Monday James,association football,silver,male
53736,Nicolás Navarro,association football,gold,male
53737,Nicolás Pareja,association football,gold,male
53768,Oladapo Olufemi,association football,silver,male
53785,Olubayo Adefemi,association football,silver,male
53787,Oluwafemi Ajilore,association football,silver,male
53790,Onyekachi Apam,association football,silver,male
53791,Oscar Ustari,association football,gold,male
53799,Pablo Zabaleta,association football,gold,male
53834,Peter Odemwingie,association football,silver,male
53861,Rafael Sóbis,association football,bronze,male
53862,Rafinha,association football,bronze,male
53870,Ramires,association football,bronze,male
53890,Renan Brito Soares,association football,bronze,male
53931,Ronaldinho,association football,bronze,male
53971,Sani Kaita,association football,silver,male
54002,Sergio Agüero,association football,gold,male
54003,Sergio Romero,association football,gold,male
54041,Solomon Okoronkwo,association football,silver,male
54131,Thiago Neves,association football,bronze,male
54132,Thiago Silva,association football,bronze,male
54205,Victor Anichebe,association football,silver,male
54206,Victor Obinna,association football,silver,male
54365,Ángel Di María,association football,gold,male
54370,Éver Banega,association football,gold,male
54448,Aly Wagner,association football,gold,female
54453,Amy Rodriguez,association football,gold,female
54496,Andréia Rosa,association football,silver,female
54497,Andréia Suntaque,association football,silver,female
54500,Angela Hucles,association football,gold,female
54503,Anja Mittag,association football,bronze,female
54523,Annike Krahn,association football,bronze,female
54530,Ariane Hingst,association football,bronze,female
54550,Babett Peter,association football,bronze,female
54581,Birgit Prinz,association football,bronze,female
54623,Bárbara Micheline do Monte Barbosa,association football,silver,female
54632,Carli Lloyd,association football,gold,female
54690,Christie Pearce,association football,gold,female
54707,Conny Pohlers,association football,bronze,female
54713,Cristiane Rozeira,association football,silver,female
54719,Célia Šašić,association football,bronze,female
54727,Daniela Alves Lima,association football,silver,female
54870,Ester,association football,silver,female
54880,Fabiana Simões,association football,silver,female
54888,Fatmire Alushi,association football,bronze,female
54907,Formiga,association football,silver,female
54910,Francielle,association football,silver,female
55003,Heather Mitts,association football,gold,female
55004,Heather O'Reilly,association football,gold,female
55024,Hope Solo,association football,gold,female
55204,Kate Markgraf,association football,gold,female
55226,Kerstin Garefrekes,association football,bronze,female
55227,Kerstin Stegemann,association football,bronze,female
55286,Lauren Holiday,association football,gold,female
55336,Linda Bresonik,association football,bronze,female
55339,Lindsay Tarpley,association football,gold,female
55356,Lori Chalupny,association football,gold,female
55454,Marta,association football,silver,female
55481,Maurine Dornelles Gonçalves,association football,silver,female
55491,Maycon,association football,silver,female
55499,Melanie Behringer,association football,bronze,female
55567,Nadine Angerer,association football,bronze,female
55590,Natasha Kai,association football,gold,female
55607,Nicole Barnhart,association football,gold,female
55723,Pretinha,association football,silver,female
55731,Rachel van Hollebeke,association football,gold,female
55766,Renata Costa,association football,silver,female
55767,Renate Lingor,association football,bronze,female
55809,Rosana dos Santos Augusto,association football,silver,female
55842,Sandra Smisek,association football,bronze,female
55859,Saskia Bartusiak,association football,bronze,female
55884,Shannon Boxx,association football,gold,female
55905,Simone Gomes Jatobá,association football,silver,female
55907,Simone Laudehr,association football,bronze,female
55937,Stephanie Cox,association football,gold,female
56030,Tobin Heath,association football,gold,female
56056,Tânia Maria Pereira Ribeiro,association football,silver,female
56059,Ursula Holl,association football,bronze,female
56244,Érika Cristiano dos Santos,association football,silver,female
56296,Alexander Artemev,artistic gymnastics,bronze,male
56400,Anton Fokin,artistic gymnastics,bronze,male
56401,Anton Golotsutskov,artistic gymnastics,bronze,male
56449,Benoît Caranobe,artistic gymnastics,bronze,male
56540,Chen Yibing,artistic gymnastics,gold,male
56753,Fabian Hambüchen,artistic gymnastics,bronze,male
56779,Filip Ude,artistic gymnastics,silver,male
56816,Gervasio Deferr,artistic gymnastics,silver,male
56893,Hiroyuki Tomita,artistic gymnastics,silver,male
56905,Huang Xu,artistic gymnastics,gold,male
57029,Jonathan Horton,artistic gymnastics,bronze,male
57034,Joseph Hagerty,artistic gymnastics,bronze,male
57058,Justin Spring,artistic gymnastics,bronze,male
57108,Kevin Tan,artistic gymnastics,bronze,male
57137,Koki Sakamoto,artistic gymnastics,silver,male
57151,Kōhei Uchimura,artistic gymnastics,silver,male
57191,Leszek Blanik,artistic gymnastics,gold,male
57201,Li Xiaopeng,artistic gymnastics,gold,male
57234,Louis Smith,artistic gymnastics,bronze,male
57275,Makoto Okiguchi,artistic gymnastics,silver,male
57522,Oleksandr Vorobiov,artistic gymnastics,bronze,male
57614,Raj Bhavsar,artistic gymnastics,bronze,male
57846,Takehiro Kashima,artistic gymnastics,silver,male
57849,Takuya Nakase,artistic gymnastics,silver,male
57884,Thomas Bouhail,artistic gymnastics,silver,male
58010,Xiao Qin,artistic gymnastics,gold,male
58028,Yang Wei,artistic gymnastics,gold,male
58058,Yoo Won-chul,artistic gymnastics,silver,male
58111,Zou Kai,artistic gymnastics,gold,male
58191,Alicia Sacramone,artistic gymnastics,silver,female
58208,Anamaria Tămârjan,artistic gymnastics,bronze,female
58226,Andreea Acatrinei,artistic gymnastics,bronze,female
58227,Andreea Grigore,artistic gymnastics,bronze,female
58355,Bridget Sloan,artistic gymnastics,silver,female
58407,Chellsie Memmel,artistic gymnastics,silver,female
58418,Cheng Fei,artistic gymnastics,gold,female
58516,Deng Linlin,artistic gymnastics,gold,female
58674,Gabriela Drăgoi,artistic gymnastics,bronze,female
58749,He Kexin,artistic gymnastics,gold,female
58773,Hong Un-jong,artistic gymnastics,gold,female
58888,Jiang Yuyuan,artistic gymnastics,gold,female
59073,Li Shanshan,artistic gymnastics,gold,female
59325,Nastia Liukin,artistic gymnastics,gold,female
59391,Oksana Chusovitina,artistic gymnastics,silver,female
59587,Samantha Peszek,artistic gymnastics,silver,female
59591,Sandra Izbașa,artistic gymnastics,bronze,female
59637,Shawn Johnson East,artistic gymnastics,silver,female
59685,Steliana Nistor,artistic gymnastics,bronze,female
59906,Yang Yilin,artistic gymnastics,bronze,female
60068,Alina Tumilovich,rhythmic gymnastics,bronze,female
60085,Anastasia Ivankova,rhythmic gymnastics,bronze,female
60130,Anna Bessonova,rhythmic gymnastics,bronze,female
60132,Anna Gavrilenko,rhythmic gymnastics,gold,female
60250,Cai Tong-Tong,rhythmic gymnastics,silver,female
60303,Chou Tao,rhythmic gymnastics,silver,female
60362,Daria Shkurikhina,rhythmic gymnastics,gold,female
60581,Glafira Martinovich,rhythmic gymnastics,bronze,female
60690,Inna Zhukova,rhythmic gymnastics,silver,female
60894,Ksenia Sankovich,rhythmic gymnastics,bronze,female
61010,Lü Yuanyang,rhythmic gymnastics,silver,female
61048,Margarita Aliychuk,rhythmic gymnastics,gold,female
61205,Natalia Zuyeva,rhythmic gymnastics,gold,female
61276,Olesya Babushkina,rhythmic gymnastics,bronze,female
61577,Sui Jianshuang,rhythmic gymnastics,silver,female
61578,Sun Dan,rhythmic gymnastics,silver,female
61616,Tatiana Gorbunova,rhythmic gymnastics,gold,female
61796,Yelena Posevina,rhythmic gymnastics,gold,female
61799,Yevgeniya Kanayeva,rhythmic gymnastics,gold,female
61834,Zhang Shuo,rhythmic gymnastics,silver,female
61858,Zinaida Lunina,rhythmic gymnastics,bronze,female
62294,Dong Dong,trampoline gymnastics,bronze,male
62607,Jason Burnett,trampoline gymnastics,silver,male
62861,Lu Chunlong,trampoline gymnastics,gold,male
64196,Ekaterina Khilko,trampoline gymnastics,bronze,female
64375,He Wenna,trampoline gymnastics,gold,female
64571,Karen Cockburn,trampoline gymnastics,silver,female
65646,Albert Rocas,handball,bronze,male
65648,Alberto Entrerríos,handball,bronze,male
65675,Alexander Petersson,handball,silver,male
65786,Arnór Atlason,handball,silver,male
65827,Bertrand Gille,handball,gold,male
65833,Björgvin Páll Gústavsson,handball,silver,male
65889,Carlos Prieto Martos,handball,bronze,male
65949,Christophe Kempé,handball,gold,male
65962,Cristian Malmagro,handball,bronze,male
65967,Cédric Burdet,handball,gold,male
65968,Cédric Paty,handball,gold,male
65975,Daniel Narcisse,handball,gold,male
65984,Daouda Karaboué,handball,gold,male
65991,David Barrufet,handball,bronze,male
65996,David Davis,handball,bronze,male
66015,Demetrio Lozano,handball,bronze,male
66025,Didier Dinart,handball,gold,male
66220,Guillaume Gille,handball,gold,male
66229,Guðjón Valur Sigurðsson,handball,silver,male
66276,Hreiðar Guðmundsson,handball,silver,male
66299,Iker Romero,handball,bronze,male
66311,Ingimundur Ingimundarson,handball,silver,male
66401,Jon Belaustegui,handball,bronze,male
66414,José Javier Hombrados,handball,bronze,male
66417,Joël Abati,handball,gold,male
66423,Juanín García,handball,bronze,male
66435,Jérôme Fernandez,handball,gold,male
66604,Logi Geirsson,handball,silver,male
66614,Luc Abalo,handball,gold,male
66771,Michaël Guigou,handball,gold,male
66868,Nikola Karabatić,handball,gold,male
66909,Olivier Girault,handball,gold,male
67003,Raúl Entrerríos,handball,bronze,male
67068,Rubén Garabaya,handball,bronze,male
67078,Róbert Gunnarsson,handball,silver,male
67149,Sigfús Sigurðsson,handball,silver,male
67162,Snorri Guðjónsson,handball,silver,male
67199,Sturla Ásgeirsson,handball,silver,male
67211,Sverre Andreas Jakobsson,handball,silver,male
67258,Thierry Omeyer,handball,gold,male
67349,Víctor Tomás,handball,bronze,male
67491,Ásgeir Örn Hallgrímsson,handball,silver,male
67496,Ólafur Stefánsson,handball,silver,male
67579,An Jung-Hwa,handball,bronze,female
67634,Anna Kareyeva,handball,silver,female
67676,Bae Min-hee,handball,bronze,female
67800,Choi Im-jeong,handball,bronze,female
67964,Else-Marthe Sørlie Lybekk,handball,gold,female
67971,Emiliya Turey,handball,silver,female
68090,Gro Hammerseng-Edin,handball,gold,female
68109,Gøril Snorroeggen,handball,gold,female
68147,Hong Jeong-ho,handball,bronze,female
68158,Huh Soon-young,handball,bronze,female
68189,Inna Suslina,handball,silver,female
68193,Irina Bliznova,handball,silver,female
68194,Irina Dibirova,handball,silver,female
68322,Kari Aalvik Grimsbø,handball,gold,female
68323,Kari Mette Johansen,handball,gold,female
68326,Karoline Dyhre Breivang,handball,gold,female
68335,Katja Nyberg,handball,gold,female
68337,Katrine Lunde,handball,gold,female
68362,Kim Cha-youn,handball,bronze,female
68372,Kim Nam-sun,handball,bronze,female
68373,Kim On-a,handball,bronze,female
68393,Kristine Lunde-Borgersen,handball,gold,female
68428,Lee Min-hee,handball,bronze,female
68467,Linn-Kristin Riegelhuth Koren,handball,gold,female
68508,Lyudmila Postnova,handball,silver,female
68551,Maria Sidorova,handball,silver,female
68567,Marit Malm Frafjord,handball,gold,female
68680,Moon Pil-hee,handball,bronze,female
68703,Natalia Shipilova,handball,silver,female
68763,Oh Seong-ok,handball,bronze,female
68765,Oh Yong-ran,handball,bronze,female
68797,Oxana Romenskaya,handball,silver,female
68811,Park Chung-hee,handball,bronze,female
68863,Ragnhild Aamodt,handball,gold,female
69045,Song Hai-rim,handball,bronze,female
69167,Tonje Larsen,handball,gold,female
69168,Tonje Nøstvold,handball,gold,female
69275,Yana Uskova,handball,silver,female
69288,Yekaterina Andryushina,handball,silver,female
69290,Yekaterina Marennikova,handball,silver,female
69292,Yelena Dmitriyeva,handball,silver,female
69295,Yelena Polenova,handball,silver,female
69377,Abdullo Tangriev,judo,silver,male
69449,Amar Benikhlef,judo,silver,male
69543,Askhat Zhitkeyev,judo,silver,male
69570,Benjamin Darbelet,judo,silver,male
69676,Choi Min-ho,judo,gold,male
69838,Elnur Mammadli,judo,gold,male
70010,Henk Grol,judo,bronze,male
70014,Hesham Mesbah,judo,bronze,male
70067,Irakli Tsirekidze,judo,gold,male
70242,Kim Jae-bum,judo,silver,male
70294,Leandro Guilheiro,judo,bronze,male
70373,Ludwig Paischer,judo,silver,male
70465,Masato Uchishiba,judo,gold,male
70561,Movlud Miraliyev,judo,bronze,male
70570,Naidangiin Tüvshinbayar,judo,gold,male
70645,Ole Bischof,judo,gold,male
70676,Pak Chol-Min,judo,bronze,male
70752,Rasul Boqiev,judo,bronze,male
70783,Rishod Sobirov,judo,bronze,male
70803,Roman Hontyuk,judo,bronze,male
70817,Ruben Houkes,judo,bronze,male
70861,Satoshi Ishii,judo,gold,male
70872,Sergei Aschwanden,judo,bronze,male
70999,Teddy Riner,judo,bronze,male
71016,Tiago Camilo,judo,bronze,male
71109,Wang Ki-chun,judo,silver,male
71187,Yordanis Arencibia,judo,bronze,male
71247,Óscar Brayson,judo,bronze,male
71317,Alina Dumitru,judo,gold,female
71330,An Kum-ae,judo,silver,female
71338,Anaysi Hernández,judo,silver,female
71423,Ayumi Tanimoto,judo,gold,female
71637,Deborah Gravenstijn,judo,silver,female
71685,Edith Bosch,judo,bronze,female
71706,Elisabeth Willeboordse,judo,bronze,female
71830,Giulia Quintavalle,judo,gold,female
71920,Idalys Ortiz,judo,bronze,female
72001,Jeong Gyeong-mi,judo,bronze,female
72104,Ketleyn Quadros,judo,bronze,female
72244,Lucie Décosse,judo,silver,female
72245,Lucija Polavder,judo,bronze,female
72274,Maki Tsukada,judo,silver,female
72339,Masae Ueno,judo,gold,female
72424,Misato Nakamura,judo,bronze,female
72574,Paula Pareto,judo,bronze,female
72682,Ronda Rousey,judo,bronze,female
72701,Ryoko Tani,judo,bronze,female
72801,Soraya Haddad,judo,bronze,female
72825,Stéphanie Possamaï,judo,bronze,female
72915,Tong Wen,judo,gold,female
73001,Won Ok-Im,judo,bronze,female
73009,Xian Dongmei,judo,gold,female
73015,Xu Yan,judo,bronze,female
73022,Yalennis Castillo,judo,silver,female
73026,Yanet Bermoy,judo,silver,female
73030,Yang Xiuli,judo,gold,female
73231,Andrejus Zadneprovskis,modern pentathlon,bronze,male
73239,Andrey Moiseyev,modern pentathlon,gold,male
73564,Edvinas Krungolcas,modern pentathlon,silver,male
75627,Heather Fell,modern pentathlon,silver,female
75937,Lena Schöneborn,modern pentathlon,gold,female
76880,Acer Nethercott,rowing,silver,male
76881,Adam Korol,rowing,gold,male
76882,Adam Kreek,rowing,gold,male
76894,Alastair Heathcote,rowing,silver,male
76917,Alex Partridge,rowing,silver,male
76983,Andrew Byrnes,rowing,gold,male
76988,Andrew Triggs Hodge,rowing,gold,male
77057,Bartłomiej Pawełczak,rowing,silver,male
77060,Beau Hoopman,rowing,bronze,male
77067,Ben Rutledge,rowing,gold,male
77072,Benjamin Rondeau,rowing,bronze,male
77104,Brian Price,rowing,gold,male
77119,Bryan Volpenhein,rowing,bronze,male
77128,Cameron McKenzie-McHarg,rowing,silver,male
77206,Colin Smith,rowing,silver,male
77216,Cédric Berrest,rowing,bronze,male
77226,Daniel Walsh,rowing,bronze,male
77243,David Calder,rowing,silver,male
77244,David Crawshay,rowing,gold,male
77284,Dimitris Mougios,rowing,silver,male
77293,Dominic Seiterle,rowing,gold,male
77296,Dorian Mortelette,rowing,bronze,male
77297,Drew Ginn,rowing,gold,male
77300,Duncan Free,rowing,gold,male
77369,Eskild Ebbesen,rowing,gold,male
77411,Francis Hegerty,rowing,silver,male
77431,George Bridgewater,rowing,bronze,male
77439,Germain Chardin,rowing,bronze,male
77540,Iain Brambell,rowing,bronze,male
77590,Jake Wetzel,rowing,gold,male
77593,James Marburg,rowing,silver,male
77650,Jon Beare,rowing,bronze,male
77653,Jonathan Coeffic,rowing,bronze,male
77660,Josh Inman,rowing,bronze,male
77661,Josh West,rowing,silver,male
77676,Julien Bahain,rowing,bronze,male
77678,Julien Desprès,rowing,bronze,male
77688,Jüri Jaanson,rowing,silver,male
77732,Kevin Light,rowing,gold,male
77763,Konrad Wasielewski,rowing,gold,male
77771,Kyle Hamilton,rowing,gold,male
77827,Liam Parsons,rowing,bronze,male
77865,Luca Agamennoni,rowing,silver,male
77893,Mads Andersen,rowing,gold,male
77894,Mads Rasmussen,rowing,bronze,male
77897,Mahé Drysdale,rowing,bronze,male
77901,Malcolm Howard,rowing,gold,male
77919,Marcus McElhenney,rowing,bronze,male
77920,Marek Kolbowicz,rowing,gold,male
77948,Mark Hunter,rowing,gold,male
77969,Matt Ryan,rowing,silver,male
77970,Matt Schnobrich,rowing,bronze,male
77975,Matthew Langridge,rowing,silver,male
78011,Micah Boyd,rowing,bronze,male
78022,Michał Jeliński,rowing,gold,male
78037,Mike Lewis,rowing,bronze,male
78051,Miłosz Bernatajtys,rowing,silver,male
78059,Morten Jørgensen,rowing,gold,male
78094,Nathan Twaddle,rowing,bronze,male
78144,Olaf Tufte,rowing,gold,male
78163,Ondřej Synek,rowing,silver,male
78202,Paweł Rańda,rowing,silver,male
78206,Pete Reed,rowing,gold,male
78217,Pierre-Jean Peltier,rowing,bronze,male
78251,Rasmus Quist Hansen,rowing,bronze,male
78273,Richard Egington,rowing,silver,male
78314,Rossano Galtarossa,rowing,silver,male
78364,Scott Brennan,rowing,gold,male
78365,Scott Frandsen,rowing,silver,male
78408,Simone Raineri,rowing,silver,male
78409,Simone Venier,rowing,silver,male
78441,Stephen Rowbotham,rowing,bronze,male
78445,Steve Williams,rowing,gold,male
78447,Steven Coppola,rowing,bronze,male
78510,Thomas Ebert,rowing,gold,male
78533,Tom James,rowing,gold,male
78534,Tom Lucy,rowing,silver,male
78535,Tom Stallard,rowing,silver,male
78557,Tõnu Endrekson,rowing,silver,male
78570,Vasileios Polymeros,rowing,silver,male
78630,Wyatt Allen,rowing,bronze,male
78703,Zac Purchase,rowing,gold,male
78748,Łukasz Pawłowski,rowing,silver,male
78883,Anna Goodale,rowing,gold,female
78886,Anna Mickelson,rowing,gold,female
78889,Anna Watkins,rowing,bronze,female
78890,Annabel Vernon,rowing,silver,female
78894,Annekatrin Thiele,rowing,silver,female
78895,Annemarieke van Rumpt,rowing,silver,female
78896,Annemiek de Haan,rowing,silver,female
78984,Britta Oppelt,rowing,bronze,female
79020,Caroline Evers-Swindell,rowing,gold,female
79021,Caroline Lind,rowing,gold,female
79022,Caryn Davies,rowing,gold,female
79064,Christiane Huth,rowing,silver,female
79085,Constanța Burcică,rowing,bronze,female
79136,Debbie Flood,rowing,silver,female
79167,Doina Ignat,rowing,bronze,female
79195,Ekaterina Karsten,rowing,bronze,female
79201,Elena Georgescu,rowing,bronze,female
79207,Elise Laverick,rowing,bronze,female
79211,Elle Logan,rowing,gold,female
79234,Enikő Barabás,rowing,bronze,female
79241,Erin Cafaro,rowing,gold,female
79246,Ester Workel,rowing,silver,female
79269,Femke Dekker,rowing,silver,female
79283,Frances Houghton,rowing,silver,female
79302,Gao Yulan,rowing,silver,female
79307,Georgeta Damian,rowing,gold,female
79308,Georgina Evers-Swindell,rowing,gold,female
79383,Helen Tanger,rowing,silver,female
79441,Ioana Papuc,rowing,bronze,female
79519,Jin Ziwei,rowing,gold,female
79581,Katherine Grainger,rowing,silver,female
79582,Kathrin Boron,rowing,bronze,female
79630,Kirsten van der Kolk,rowing,gold,female
79713,Lindsay Shoop,rowing,gold,female
79783,Manuela Lutze,rowing,bronze,female
79818,Marit van Eupen,rowing,gold,female
79828,Marlies Smulders,rowing,silver,female
79835,Mary Whipple,rowing,gold,female
79875,Melanie Kok,rowing,bronze,female
79900,Michelle Guerette,rowing,silver,female
79921,Minna Nieminen,rowing,silver,female
79962,Natallia Helakh,rowing,bronze,female
79988,Nienke Kingma,rowing,silver,female
80167,Rodica Șerban,rowing,bronze,female
80176,Roline Repelaer van Driel,rowing,silver,female
80195,Rumyana Neykova,rowing,gold,female
80222,Sanna Stén,rowing,silver,female
80230,Sarah Siegelaar,rowing,silver,female
80279,Simona Mușat,rowing,bronze,female
80314,Stephanie Schiller,rowing,bronze,female
80332,Susan Francia,rowing,gold,female
80358,Tang Bin,rowing,gold,female
80425,Tracy Cameron,rowing,bronze,female
80466,Viorica Susanu,rowing,gold,female
80504,Wu You,rowing,silver,female
80508,Xi Aihua,rowing,gold,female
80569,Yuliya Bichyk,rowing,bronze,female
80590,Zhang Yangyang,rowing,gold,female
80714,Anders Ekström,sailing,bronze,male
80735,Andrew Simpson,sailing,gold,male
80779,Antón Paz,sailing,gold,male
80816,Ben Ainslie,sailing,gold,male
80865,Bruno Prada,sailing,silver,male
80886,Carlos Espínola,sailing,bronze,male
80988,Darren Bundock,sailing,silver,male
81031,Diego Romero,sailing,bronze,male
81150,Fernando Echávarri,sailing,gold,male
81167,Fredrik Lööf,sailing,bronze,male
81208,Glenn Ashby,sailing,silver,male
81219,Guillaume Florent,sailing,bronze,male
81242,Hannes Peckolt,sailing,bronze,male
81291,Iain Percy,sailing,gold,male
81298,Iker Martínez de Lizarduy,sailing,silver,male
81348,Jan-Peter Peckolt,sailing,bronze,male
81398,Joe Glanfield,sailing,silver,male
81402,Jonas Warrer,sailing,gold,male
81427,Julien Bontemps,sailing,silver,male
81652,Malcolm Page,sailing,gold,male
81706,Martin Kirketerp,sailing,gold,male
81845,Nathan Wilmot,sailing,gold,male
81852,Nick Rogers,sailing,silver,male
81855,Nicolas Charbonnier,sailing,bronze,male
81908,Olivier Bausset,sailing,bronze,male
81947,Paul Goodison,sailing,gold,male
82036,Robert Scheidt,sailing,silver,male
82099,Santiago Lange,sailing,bronze,male
82130,Shahar Tzuberi,sailing,bronze,male
82282,Tom Ashley,sailing,gold,male
82321,Vasilij Žbogar,sailing,silver,male
82381,Xabier Fernández,sailing,silver,male
82454,Zach Railey,sailing,silver,male
82538,Alessandra Sensini,sailing,silver,female
82638,Anna Tunnicliffe,sailing,gold,female
82647,Annemieke Bes,sailing,silver,female
82745,Bryony Shaw,sailing,bronze,female
82958,Elise Rechichi,sailing,gold,female
83024,Fernanda Oliveira,sailing,bronze,female
83073,Gintarė Scheidt,sailing,silver,female
83203,Isabel Swan,sailing,bronze,female
83477,Lobke Berkhout,sailing,silver,female
83528,Mandy Mulder,sailing,silver,female
83540,Marcelien de Koning,sailing,silver,female
83632,Merel Witteveen,sailing,silver,female
83844,Pippa Wilson,sailing,gold,female
83979,Sarah Ayton,sailing,gold,female
83982,Sarah Webb,sailing,gold,female
84038,Sofia Bekatorou,sailing,bronze,female
84039,Sofia Papadopoulou,sailing,bronze,female
84127,Tessa Parkinson,sailing,gold,female
84218,Virginia Kravarioti,sailing,bronze,female
84263,Xu Lijia,sailing,bronze,female
84303,Yin Jian,sailing,gold,female
84379,Abhinav,shooting sport,gold,male
84407,Aleksei Alipov,shooting sport,bronze,male
84524,Anthony Terras,shooting sport,bronze,male
84538,Artur Ayvazyan,shooting sport,gold,male
84686,Christian Reitz,shooting sport,bronze,male
84749,David Kostelecký,shooting sport,gold,male
84909,Francesco D'Aniello,shooting sport,silver,male
84952,Giovanni Pellielo,shooting sport,silver,male
85011,Henri Häkkinen,shooting sport,bronze,male
85027,Hu Binyuan,shooting sport,bronze,male
85113,Jason Turner,shooting sport,bronze,male
85142,Jin Jong-oh,shooting sport,silver,male
85182,Jury Sukhorukov,shooting sport,silver,male
85474,Matthew Emmons,shooting sport,silver,male
85646,Oleksandr Petriv,shooting sport,gold,male
85681,Pang Wei,shooting sport,gold,male
85730,Qiu Jian,shooting sport,gold,male
85740,Rajmond Debevec,shooting sport,bronze,male
85742,Ralf Schumann,shooting sport,silver,male
85982,Tan Zongliang,shooting sport,silver,male
86047,Tore Brovold,shooting sport,silver,male
86088,Vincent Hancock,shooting sport,gold,male
86096,Vladimir Isakov,shooting sport,bronze,male
86103,Walton Eller,shooting sport,gold,male
86116,Warren Potent,shooting sport,bronze,male
86232,Zhu Qinan,shooting sport,silver,male
86541,Chen Ying,shooting sport,gold,female
86545,Chiara Cainero,shooting sport,gold,female
86572,Christine Wenzel,shooting sport,bronze,female
86586,Corey Cogdell,shooting sport,bronze,female
86674,Du Li,shooting sport,gold,female
86693,Eglis Yaima Cruz,shooting sport,bronze,female
86850,Guo Wenjun,shooting sport,gold,female
87080,Kateřina Emmons,shooting sport,gold,female
87124,Kim Rhode,shooting sport,silver,female
87219,Lioubov Galkina,shooting sport,silver,female
87437,Munkhbayar Dorjsuren,shooting sport,bronze,female
87452,Natalia Paderina,shooting sport,silver,female
87496,Nino Salukvadze,shooting sport,bronze,female
87544,Otryadyn Gündegmaa,shooting sport,silver,female
87737,Satu Mäkelä-Nummela,shooting sport,gold,female
87786,Snježana Pejčić,shooting sport,bronze,female
88113,Zuzana Rehák-Štefečeková,shooting sport,silver,female
88218,Andrea Duran,softball,silver,female
88297,Ayumi Karino,softball,gold,female
88314,Belinda Wright,softball,bronze,female
88377,Caitlin Lowe,softball,silver,female
88401,Cat Osterman,softball,silver,female
88464,Crystl Bustos,softball,silver,female
88479,Danielle Stewart,softball,bronze,female
88593,Emi Inui,softball,gold,female
88611,Eri Yamada,softball,gold,female
88767,Hiroko Sakai,softball,gold,female
88872,Jennie Finch,softball,silver,female
88882,Jessica Mendoza,softball,silver,female
88897,Jodie Bowering,softball,bronze,female
88934,Justine Smethurst,softball,bronze,female
88964,Kelly Hardie,softball,bronze,female
88965,Kelly Kretschman,softball,silver,female
88975,Kerry Wyborn,softball,bronze,female
89022,Kylie Cronk,softball,bronze,female
89032,Laura Berg,softball,silver,female
89038,Lauren Lappin,softball,silver,female
89110,Lovieanne Jung,softball,silver,female
89216,Masumi Mishina,softball,gold,female
89245,Megu Hirose,softball,gold,female
89251,Melanie Roche,softball,bronze,female
89282,Mika Someya,softball,gold,female
89303,Monica Abbott,softball,silver,female
89310,Motoko Fujimoto,softball,gold,female
89319,Naho Emoto,softball,gold,female
89333,Natalie Titcume,softball,bronze,female
89334,Natalie Ward,softball,bronze,female
89341,Natasha Watley,softball,silver,female
89511,Rei Nishiyama,softball,gold,female
89531,Rie Sato,softball,gold,female
89581,Sachiko Ito,softball,gold,female
89595,Sandy Lewis,softball,bronze,female
89610,Satoko Mabuchi,softball,gold,female
89651,Simmone Morrow,softball,bronze,female
89677,Stacey Nuveman,softball,silver,female
89678,Stacey Porter,softball,bronze,female
89720,Tairia Flowers,softball,silver,female
89737,Tanya Harding,softball,bronze,female
89799,Tracey Mosley,softball,bronze,female
89829,Vicky Galindo,softball,silver,female
89941,Yukiko Ueno,softball,gold,female
89942,Yukiyo Mine,softball,gold,female
90001,Aaron Peirsol,swimming,gold,male
90008,Adam Pine,swimming,silver,male
90018,Alain Bernard,swimming,bronze,male
90047,Alexander Dale Oen,swimming,silver,male
90051,Alexander Sukhorukov,swimming,silver,male
90075,Amaury Leveaux,swimming,silver,male
90109,Andrew Lauterstein,swimming,bronze,male
90157,Arkady Vyatchanin,swimming,bronze,male
90166,Ashley Callus,swimming,bronze,male
90167,Ashley Delaney,swimming,silver,male
90193,Ben Wildman-Tobriner,swimming,gold,male
90217,Boris Steimetz,swimming,silver,male
90223,Brendan Hansen,swimming,gold,male
90225,Brenton Rickard,swimming,silver,male
90312,Christian Sprenger,swimming,silver,male
90340,Cullen Jones,swimming,gold,male
90345,César Cielo,swimming,gold,male
90355,Danila Izotov,swimming,silver,male
90370,David Davies,swimming,silver,male
90381,David Walters,swimming,gold,male
90432,Eamon Sullivan,swimming,silver,male
90489,Erik Vendt,swimming,gold,male
90507,Fabien Gilot,swimming,silver,male
90543,Frédérick Bousquet,swimming,silver,male
90553,Garrett Weber-Gale,swimming,gold,male
90587,Grant Brits,swimming,bronze,male
90588,Grant Hackett,swimming,silver,male
90592,Grégory Mallet,swimming,silver,male
90621,Hayden Stoeckel,swimming,bronze,male
90644,Hisayoshi Sato,swimming,bronze,male
90657,Hugues Duboscq,swimming,bronze,male
90667,Ian Crocker,swimming,gold,male
90736,Jason Lezak,swimming,bronze,male
90805,Junichi Miyashita,swimming,bronze,male
90879,Kirk Palmer,swimming,bronze,male
90884,Klete Keller,swimming,gold,male
90889,Kosuke Kitajima,swimming,gold,male
90906,Larsen Jensen,swimming,bronze,male
90936,Leith Brodie,swimming,bronze,male
91009,László Cseh,swimming,silver,male
91014,Maarten van der Weijden,swimming,gold,male
91072,Mark Gangloff,swimming,gold,male
91092,Matt Grevers,swimming,silver,male
91096,Matt Targett,swimming,bronze,male
91142,Michael Phelps,swimming,gold,male
91165,Mikhail Polishchuk,swimming,silver,male
91167,Milorad Čavić,swimming,silver,male
91218,Nathan Adrian,swimming,gold,male
91226,Nick Ffrost,swimming,bronze,male
91240,Nikita Lobintsev,swimming,silver,male
91295,Oussama Mellouli,swimming,gold,male
91317,Park Tae-Hwan,swimming,silver,male
91319,Patrick Murphy,swimming,bronze,male
91336,Peter Vanderkaay,swimming,bronze,male
91404,Ricky Berens,swimming,gold,male
91448,Ryan Cochrane,swimming,bronze,male
91449,Ryan Lochte,swimming,gold,male
91597,Takeshi Matsuda,swimming,bronze,male
91598,Takuro Fujii,swimming,bronze,male
91639,Thomas Lurz,swimming,bronze,male
91801,Yevgeny Lagunov,swimming,silver,male
91831,Zhang Lin,swimming,silver,male
91914,Alessia Filippi,swimming,silver,female
91939,Alice Tait,swimming,bronze,female
91946,Allison Schmitt,swimming,bronze,female
92002,Angie Bainbridge,swimming,gold,female
92110,Britta Steffen,swimming,gold,female
92112,Bronte Barratt,swimming,gold,female
92144,Caroline Burckle,swimming,bronze,female
92150,Cassie Patten,swimming,bronze,female
92152,Cate Campbell,swimming,bronze,female
92194,Christine Magnuson,swimming,silver,female
92195,Christine Marshall,swimming,bronze,female
92236,Dara Torres,swimming,silver,female
92323,Elaine Breeden,swimming,silver,female
92348,Emily Seebohm,swimming,gold,female
92349,Emily Silver,swimming,silver,female
92389,Federica Pellegrini,swimming,gold,female
92392,Felicity Galvez,swimming,gold,female
92395,Femke Heemskerk,swimming,gold,female
92515,Hinkelien Schreuder,swimming,gold,female
92560,Inge Dekker,swimming,gold,female
92634,Jessicah Schipper,swimming,bronze,female
92639,Jiao Liuyang,swimming,silver,female
92646,Joanne Jackson,swimming,bronze,female
92674,Julia Smit,swimming,silver,female
92695,Kara Lynn Joyce,swimming,silver,female
92708,Katie Hoff,swimming,silver,female
92721,Keri-Anne Payne,swimming,silver,female
92750,Kim Vandenberg,swimming,bronze,female
92756,Kirsty Coventry,swimming,silver,female
92773,Kylie Palmer,swimming,gold,female
92778,Lacey Nymeyer,swimming,silver,female
92779,Lara Davenport,swimming,gold,female
92780,Larisa Ilchenko,swimming,gold,female
92810,Leisel Jones,swimming,gold,female
92830,Libby Trickett,swimming,silver,female
92837,Linda Mackenzie,swimming,gold,female
92850,Liu Zige,swimming,gold,female
92857,Lotte Friis,swimming,bronze,female
92904,Manon van Rooijen,swimming,gold,female
92922,Margaret Hoelzer,swimming,bronze,female
92952,Marleen Veldhuis,swimming,gold,female
92993,Megan Jendrick,swimming,silver,female
93002,Melanie Schlanger,swimming,bronze,female
93048,Mirna Jukić,swimming,bronze,female
93081,Natalie Coughlin,swimming,bronze,female
93180,Pang Jiaying,swimming,bronze,female
93249,Ranomi Kromowidjojo,swimming,gold,female
93255,Rebecca Adlington,swimming,gold,female
93258,Rebecca Soni,swimming,silver,female
93263,Reiko Nakamura,swimming,bronze,female
93352,Sara Isaković,swimming,silver,female
93353,Sara Nordenstam,swimming,bronze,female
93388,Shayne Reese,swimming,bronze,female
93438,Stephanie Rice,swimming,gold,female
93455,Sun Ye,swimming,bronze,female
93480,Tan Miao,swimming,silver,female
93485,Tang Jingzhi,swimming,silver,female
93489,Tarnee White,swimming,gold,female
93639,Xu Tianlongzi,swimming,bronze,female
93657,Yang Yu,swimming,silver,female
93720,Zhao Jing,swimming,bronze,female
93729,Zhou Yafei,swimming,bronze,female
93731,Zhu Qianwei,swimming,silver,female
93770,Alba Cabello,synchronized swimming,silver,female
93834,Anastasia Davydova,synchronized swimming,gold,female
93837,Anastasiya Yermakova,synchronized swimming,gold,female
93845,Andrea Fuentes,synchronized swimming,silver,female
93887,Anna Shorina,synchronized swimming,gold,female
94216,Elvira Khasyanova,synchronized swimming,gold,female
94219,Emiko Suzuki,synchronized swimming,bronze,female
94305,Gemma Mengual,synchronized swimming,silver,female
94328,Gisela Morón,synchronized swimming,silver,female
94343,Gu Beibei,synchronized swimming,bronze,female
94406,Huang Xuechen,synchronized swimming,bronze,female
94447,Irina Rodríguez,synchronized swimming,silver,female
94511,Jiang Tingting,synchronized swimming,bronze,female
94512,Jiang Wenwen,synchronized swimming,bronze,female
94659,Laura López,synchronized swimming,silver,female
94723,Liu Ou,synchronized swimming,bronze,female
94754,Luo Xi,synchronized swimming,bronze,female
94820,Mariya Gromova,synchronized swimming,gold,female
94951,Natalia Ishchenko,synchronized swimming,gold,female
95028,Olga Kuzhela,synchronized swimming,gold,female
95058,Paola Tirados,synchronized swimming,silver,female
95125,Raquel Corral,synchronized swimming,silver,female
95208,Saho Harada,synchronized swimming,bronze,female
95329,Sun Qiuting,synchronized swimming,bronze,female
95340,Svetlana Romashina,synchronized swimming,gold,female
95380,Thaïs Henríquez,synchronized swimming,silver,female
95486,Wang Na,synchronized swimming,bronze,female
95544,Yelena Ovchinnikova,synchronized swimming,gold,female
95588,Zhang Xiaohuan,synchronized swimming,bronze,female
95938,Christian Süß,table tennis,silver,male
96033,Dimitrij Ovtcharov,table tennis,silver,male
96636,Ma Lin,table tennis,gold,male
96887,Oh Sang-eun,table tennis,bronze,male
97077,Ryu Seung-min,table tennis,bronze,male
97275,Timo Boll,table tennis,silver,male
97356,Wang Hao,table tennis,silver,male
97360,Wang Liqin,table tennis,bronze,male
97434,Yoon Jae-Young,table tennis,bronze,male
97849,Dang Ye-seo,table tennis,bronze,female
98022,Feng Tianwei,table tennis,silver,female
98101,Guo Yue,table tennis,bronze,female
98370,Kim Kyungah,table tennis,bronze,female
98446,Li Jiawei,table tennis,silver,female
98815,Park Mi-Young,table tennis,bronze,female
99237,Wang Nan,table tennis,silver,female
99240,Wang Yuegu,table tennis,silver,female
99343,Zhang Yining,table tennis,gold,female
99430,Alexandros Nikolaidis,taekwondo,silver,male
99533,Arman Chilmanov,taekwondo,bronze,male
99654,Cha Dong-Min,taekwondo,gold,male
99673,Chika Chukwumerije,taekwondo,bronze,male
99701,Chu Mu-yen,taekwondo,bronze,male
99923,Gabriel Mercedes,taekwondo,silver,male
99971,Guillermo Pérez,taekwondo,gold,male
99985,Hadi Saei,taekwondo,gold,male
100450,Mark López,taekwondo,silver,male
100483,Mauro Sarmiento,taekwondo,silver,male
100798,Rohullah Nikpai,taekwondo,bronze,male
100879,Servet Tazegül,taekwondo,bronze,male
100918,Son Tae-jin,taekwondo,gold,male
100948,Steven López,taekwondo,bronze,male
100956,Sung Yu-chi,taekwondo,bronze,male
101230,Zhu Guo,taekwondo,bronze,male
101424,Azize Tanrıkulu,taekwondo,silver,female
101496,Buttree Puedpong,taekwondo,silver,female
101597,Dalia Contreras,taekwondo,bronze,female
101633,Daynellis Montejo,taekwondo,bronze,female
101648,Diana López,taekwondo,bronze,female
101855,Gwladys Épangue,taekwondo,bronze,female
101911,Hwang Kyung-Seon,taekwondo,gold,female
102075,Karine Sergerie,taekwondo,silver,female
102208,Lim Su-jeong,taekwondo,gold,female
102332,Martina Zubčić,taekwondo,bronze,female
102337,María Espinoza,taekwondo,gold,female
102471,Natália Falavigna,taekwondo,bronze,female
102495,Nina Solheim,taekwondo,silver,female
102718,Sandra Šarić,taekwondo,bronze,female
102731,Sarah Stevenson,taekwondo,bronze,female
103002,Wu Jingyu,taekwondo,gold,female
103338,Bob Bryan,tennis,bronze,male
103652,Fernando González,tennis,silver,male
104283,Mike Bryan,tennis,bronze,male
104382,Novak Djokovic,tennis,bronze,male
104485,Rafael Nadal,tennis,gold,male
104545,Roger Federer,tennis,gold,male
104652,Simon Aspelin,tennis,silver,male
104680,Stan Wawrinka,tennis,gold,male
104763,Thomas Johansson,tennis,silver,male
105082,Anabel Medina Garrigues,tennis,silver,female
105410,Dinara Safina,tennis,silver,female
105450,Elena Dementieva,tennis,gold,female
106496,Serena Williams,tennis,gold,female
106700,Venus Williams,tennis,gold,female
106701,Vera Zvonareva,tennis,bronze,female
106719,Virginia Ruano Pascual,tennis,silver,female
106774,Yan Zi,tennis,bronze,female
106848,Zheng Jie,tennis,bronze,female
107079,Bevan Docherty,triathlon,bronze,male
107596,Jan Frodeno,triathlon,gold,male
108403,Simon Whitfield,triathlon,silver,male
109227,Emma Moffatt,triathlon,bronze,female
109230,Emma Snowsill,triathlon,gold,female
110443,Vanessa Fernandes,triathlon,silver,female
111092,Emanuel Rego,beach volleyball,bronze,male
111171,Fábio Luiz Magalhães,beach volleyball,silver,male
111815,Márcio Araújo,beach volleyball,silver,male
111963,Phil Dalhausser,beach volleyball,gold,male
112022,Ricardo Santos,beach volleyball,bronze,male
112281,Todd Rogers,beach volleyball,gold,male
113347,Kerri Walsh Jennings,beach volleyball,gold,female
113675,Misty May-Treanor,beach volleyball,gold,female
114142,Tian Jia,beach volleyball,silver,female
114233,Wang Jie,beach volleyball,silver,female
114267,Xue Chen,beach volleyball,bronze,female
114336,Zhang Xi,beach volleyball,bronze,female
114403,Aleksandr Korneev,volleyball,bronze,male
114404,Aleksandr Kosarev,volleyball,bronze,male
114406,Aleksandr Volkov,volleyball,bronze,male
114409,Aleksey Kuleshov,volleyball,bronze,male
114410,Aleksey Ostapenko,volleyball,bronze,male
114411,Aleksey Verbov,volleyball,bronze,male
114466,Anderson Rodrigues,volleyball,silver,male
114494,André Heller,volleyball,silver,male
114495,André Nascimento,volleyball,silver,male
114616,Bruno Rezende,volleyball,silver,male
114704,Clayton Stanley,volleyball,gold,male
114732,Dante Amaral,volleyball,silver,male
114750,David Lee,volleyball,gold,male
114922,Gabriel Gardner,volleyball,gold,male
114945,Giba,volleyball,silver,male
114978,Gustavo Endres,volleyball,silver,male
115230,Kevin Hansen,volleyball,gold,male
115351,Lloy Ball,volleyball,gold,male
115416,Marcelo Elgarten,volleyball,silver,male
115487,Maxim Mikhaylov,volleyball,bronze,male
115564,Murilo Endres,volleyball,silver,male
115762,Reid Priddy,volleyball,gold,male
115774,Richard Lambourne,volleyball,gold,male
115782,Riley Salmon,volleyball,gold,male
115794,Rodrigão,volleyball,silver,male
115825,Ryan Millar,volleyball,gold,male
115838,Samuel Fuchs,volleyball,silver,male
115866,Scott Touzinsky,volleyball,gold,male
115867,Sean Rooney,volleyball,gold,male
115870,Semyon Poltavskiy,volleyball,bronze,male
115873,Sergey Grankin,volleyball,bronze,male
115874,Sergey Tetyukhin,volleyball,bronze,male
115969,Sérgio Santos,volleyball,silver,male
116012,Thomas Hoff,volleyball,gold,male
116062,Vadim Khamuttskikh,volleyball,bronze,male
116199,Yury Berezhko,volleyball,bronze,male
116518,Carolina Albuquerque,volleyball,gold,female
116603,Danielle Scott-Arruda,volleyball,silver,female
116754,Fabiana Claudino,volleyball,gold,female
116756,Fabiana de Oliveira,volleyball,gold,female
116771,Feng Kun,volleyball,bronze,female
116781,Fofão,volleyball,gold,female
116876,Heather Bown,volleyball,silver,female
116979,Jaqueline Carvalho,volleyball,gold,female
116998,Jennifer Joines,volleyball,silver,female
117115,Kim Glass,volleyball,silver,female
117126,Kim Willoughby,volleyball,silver,female
117197,Li Juan,volleyball,bronze,female
117215,Lindsey Berg,volleyball,silver,female
117224,Liu Yanan,volleyball,bronze,female
117228,Logan Tom,volleyball,silver,female
117263,Ma Yunwen,volleyball,bronze,female
117306,Marianne Steinbrecher,volleyball,gold,female
117484,Nicole Davis,volleyball,silver,female
117511,Ogonna Nnamani,volleyball,silver,female
117575,Paula Pequeno,volleyball,gold,female
117665,Robyn Ah Mow-Santos,volleyball,silver,female
117765,Sheilla Castro,volleyball,gold,female
117804,Stacy Sykora,volleyball,silver,female
117873,Tayyiba Haneef-Park,volleyball,silver,female
117879,Thaísa Menezes,volleyball,gold,female
117942,Valeska Menezes,volleyball,gold,female
117975,Walewska Oliveira,volleyball,gold,female
117989,Wang Yimei,volleyball,bronze,female
117992,Wei Qiuyue,volleyball,bronze,female
117994,Welissa Gonzaga,volleyball,gold,female
118016,Xu Yunli,volleyball,bronze,female
118019,Xue Ming,volleyball,bronze,female
118027,Yang Hao,volleyball,bronze,female
118082,Zhang Na,volleyball,bronze,female
118096,Zhao Ruirui,volleyball,bronze,female
118102,Zhou Suhong,volleyball,bronze,female
118136,Adam Wright,water polo,silver,male
118151,Aleksandar Ćirić,water polo,bronze,male
118152,Aleksandar Šapić,water polo,bronze,male
118241,Andrija Prlainović,water polo,bronze,male
118344,Brandon Brooks,water polo,silver,male
118346,Branko Peković,water polo,bronze,male
118513,Dejan Savić,water polo,bronze,male
118518,Denis Šefik,water polo,bronze,male
118551,Duško Pijetlović,water polo,bronze,male
118555,Dániel Varga,water polo,gold,male
118556,Dénes Varga,water polo,gold,male
118653,Filip Filipović,water polo,bronze,male
118688,Gergely Kiss,water polo,gold,male
118732,Gábor Kis,water polo,gold,male
118832,István Gergely,water polo,gold,male
118834,J. W. Krumpholz,water polo,silver,male
118867,Jeff Powers,water polo,silver,male
118881,Jesse Smith,water polo,silver,male
119041,Layne Beaubien,water polo,silver,male
119258,Merrill Moses,water polo,silver,male
119369,Nikola Rađen,water polo,bronze,male
119376,Norbert Hosnyánszky,water polo,gold,male
119377,Norbert Madaras,water polo,gold,male
119458,Peter Hudnut,water polo,silver,male
119462,Peter Varellas,water polo,silver,male
119477,Péter Biros,water polo,gold,male
119528,Rick Merlo,water polo,silver,male
119572,Ryan Bailey,water polo,silver,male
119660,Slobodan Soro,water polo,bronze,male
119727,Tamás Kásás,water polo,gold,male
119728,Tamás Molnár,water polo,gold,male
119729,Tamás Varga,water polo,gold,male
119768,Tibor Benedek,water polo,gold,male
119772,Tim Hutten,water polo,silver,male
119794,Tony Azevedo,water polo,silver,male
119819,Vanja Udovičić,water polo,bronze,male
119847,Vladimir Vujasinović,water polo,bronze,male
119985,Zoltán Szécsi,water polo,gold,male
119999,Živko Gocić,water polo,bronze,male
120040,Alette Sijbring,water polo,gold,female
120065,Alicia McCormack,water polo,bronze,female
120069,Alison Gregorka,water polo,silver,female
120077,Amy Hetzel,water polo,bronze,female
120207,Biurakn Hakhverdian,water polo,gold,female
120222,Brenda Villa,water polo,silver,female
120236,Brittany Hayes,water polo,silver,female
120238,Bronwen Knox,water polo,bronze,female
120356,Daniëlle de Bruijn,water polo,gold,female
120460,Elizabeth Armstrong,water polo,silver,female
120465,Elsie Windes,water polo,silver,female
120476,Emma Knox,water polo,bronze,female
120554,Gemma Beadsworth,water polo,bronze,female
120571,Gillian van den Berg,water polo,gold,female
120630,Heather Petri,water polo,silver,female
120671,Iefke van Belkum,water polo,gold,female
120680,Ilse van der Meijden,water polo,gold,female
120713,Jaime Komer,water polo,silver,female
120745,Jenna Santoromito,water polo,bronze,female
120758,Jessica Steffens,water polo,silver,female
120814,Kami Craig,water polo,silver,female
120828,Kate Gynther,water polo,bronze,female
120914,Lauren Wenger,water polo,silver,female
121060,Marieke van den Ham,water polo,gold,female
121122,Meike de Nooy,water polo,gold,female
121128,Melissa Rippon,water polo,bronze,female
121135,Mia Santoromito,water polo,bronze,female
121153,Mieke Cabout,water polo,gold,female
121182,Moriah van Norman,water polo,silver,female
121207,Natalie Golda,water polo,silver,female
121239,Nikita Cuffe,water polo,bronze,female
121249,Noeki Klein,water polo,gold,female
121320,Patty Cardenas,water polo,silver,female
121381,Rebecca Rippon,water polo,bronze,female
121396,Rianne Guichelaar,water polo,gold,female
121531,Simone Koot,water polo,gold,female
121584,Suzie Fraser,water polo,bronze,female
121611,Taniele Gofers,water polo,bronze,female
121786,Yasemin Smit,water polo,gold,female
121978,Andrei Aramnau,weightlifting,gold,male
122037,Arsen Kasabiev,weightlifting,silver,male
122282,Diego Salazar,weightlifting,silver,male
122290,Dmitry Klokov,weightlifting,silver,male
122322,Eko Irawan,weightlifting,bronze,male
122374,Evgeny Chigishev,weightlifting,silver,male
122442,Gevorg Davtyan,weightlifting,bronze,male
122520,Hoang Anh Tuan,weightlifting,silver,male
122587,Jadier Valladares,weightlifting,bronze,male
122819,Li Hongli,weightlifting,silver,male
122829,Liao Hui,weightlifting,gold,male
122855,Long Qingquan,weightlifting,gold,male
122863,Lu Yong,weightlifting,gold,male
122917,Marcin Dołęga,weightlifting,bronze,male
122979,Matthias Steiner,weightlifting,gold,male
123329,Sa Jae-Hyouk,weightlifting,gold,male
123468,Szymon Kołecki,weightlifting,gold,male
123520,Tigran Vardan Martirosyan,weightlifting,silver,male
123553,Triyatno,weightlifting,bronze,male
123574,Vencelas Dabaya,weightlifting,silver,male
123587,Viktors Ščerbatihs,weightlifting,bronze,male
123680,Yoandry Hernández,weightlifting,bronze,male
123688,Yordanis Borrero,weightlifting,bronze,male
123712,Zhang Xiangxiang,weightlifting,gold,male
123753,Abeer Abdelrahman,weightlifting,bronze,female
123820,Alla Vazhenina,weightlifting,gold,female
124038,Chen Wei-ling,weightlifting,gold,female
124039,Chen Yanqing,weightlifting,gold,female
124068,Christine Girard,weightlifting,bronze,female
124098,Damaris Gabriela Aguirre Aldaz,weightlifting,bronze,female
124199,Ele Opeloge,weightlifting,silver,female
124433,Im Jyoung-Hwa,weightlifting,silver,female
124475,Jang Mi-ran,weightlifting,gold,female
124693,Leydi Solís,weightlifting,silver,female
124737,Lu Ying-chi,weightlifting,silver,female
124756,Lydia Valentín,weightlifting,silver,female
124803,Mariam Usman,weightlifting,bronze,female
125010,O Jong-ae,weightlifting,silver,female
125017,Oksana Slivenko,weightlifting,gold,female
125052,Pak Hyon-suk,weightlifting,gold,female
125080,Pensiri Laosirikul,weightlifting,bronze,female
125097,Prapawadee Jaroenrattanatarakoon,weightlifting,gold,female
125109,Raema Lisa Rumbewas,weightlifting,bronze,female
125479,Wandee Kameaim,weightlifting,bronze,female
125560,Yoon Jin-Hee,weightlifting,silver,female
125742,Andriy Stadnik,freestyle wrestling,silver,male
125803,Bakhtiyar Akhmedov,freestyle wrestling,gold,male
125808,Bazar Bazarguruev,freestyle wrestling,bronze,male
125828,Besik Kudukhov,freestyle wrestling,bronze,male
125872,Buvaisar Saitiev,freestyle wrestling,gold,male
126001,David Musuľbes,freestyle wrestling,silver,male
126036,Disney Rodríguez,freestyle wrestling,bronze,male
126185,Georgy Ketoyev,freestyle wrestling,bronze,male
126193,Gheorghiță Ștefan,freestyle wrestling,bronze,male
126199,Giorgi Gogshelidze,freestyle wrestling,silver,male
126262,Henry Cejudo,freestyle wrestling,gold,male
126469,Kenichi Yumoto,freestyle wrestling,silver,male
126485,Khetag Gazyumov,freestyle wrestling,bronze,male
126503,Kiril Terziev,freestyle wrestling,bronze,male
126683,Marid Mutalimov,freestyle wrestling,bronze,male
126735,Mavlet Batirov,freestyle wrestling,gold,male
126773,Michel Batista Martínez,freestyle wrestling,bronze,male
126806,Morad Mohammadi,freestyle wrestling,bronze,male
126813,Murad Gaidarov,freestyle wrestling,silver,male
126918,Otar Tushishvili,freestyle wrestling,bronze,male
126982,Radoslav Velikov,freestyle wrestling,bronze,male
126994,Ramazan Şahin,freestyle wrestling,gold,male
127020,Revaz Mindorashvili,freestyle wrestling,gold,male
127148,Shirvani Muradov,freestyle wrestling,gold,male
127208,Sushil Kumar,freestyle wrestling,bronze,male
127238,Taras Danko,freestyle wrestling,bronze,male
127289,Tomohiro Matsunaga,freestyle wrestling,silver,male
127451,Yusup Abdusalomov,freestyle wrestling,silver,male
127515,Agnieszka Wieszczek-Kordus,freestyle wrestling,bronze,female
127537,Alena Kartashova,freestyle wrestling,silver,female
127767,Carol Huynh,freestyle wrestling,gold,female
127797,Chiharu Icho,freestyle wrestling,silver,female
128201,Iryna Merleni,freestyle wrestling,bronze,female
128210,Jackeline Rentería,freestyle wrestling,bronze,female
128318,Kaori Icho,freestyle wrestling,gold,female
128399,Kyoko Hamaguchi,freestyle wrestling,bronze,female
128571,Mariya Stadnik,freestyle wrestling,bronze,female
128873,Randi Miller,freestyle wrestling,bronze,female
128976,Saori Yoshida,freestyle wrestling,gold,female
129056,Stanka Zlateva,freestyle wrestling,silver,female
129171,Tonya Verbeek,freestyle wrestling,bronze,female
129232,Wang Jiao,freestyle wrestling,gold,female
129262,Xu Li,freestyle wrestling,silver,female
129297,Yelena Shalygina,freestyle wrestling,bronze,female
129384,Adam Wheeler,greco-roman wrestling,bronze,male
129471,Andrea Minguzzi,greco-roman wrestling,gold,male
129534,Armen Vardanyan,greco-roman wrestling,bronze,male
129544,Aslanbek Khushtov,greco-roman wrestling,gold,male
129655,Chang Yongxiang,greco-roman wrestling,silver,male
129698,Christophe Guénot,greco-roman wrestling,bronze,male
130080,Islambek Albiev,greco-roman wrestling,gold,male
130191,Kanatbek Begaliev,greco-roman wrestling,silver,male
130406,Manuchar Kvirkvelia,greco-roman wrestling,gold,male
130421,Marek Švec,greco-roman wrestling,bronze,male
130531,Mijaín López,greco-roman wrestling,gold,male
130541,Mikhail Siamionau,greco-roman wrestling,bronze,male
130543,Mindaugas Mizgaitis,greco-roman wrestling,silver,male
130547,Mirko Englich,greco-roman wrestling,silver,male
130597,Nazmi Avluca,greco-roman wrestling,bronze,male
130598,Nazyr Mankiev,greco-roman wrestling,gold,male
130634,Nurbakyt Tengizbayev,greco-roman wrestling,silver,male
130687,Park Eun-Chul,greco-roman wrestling,bronze,male
130802,Roman Amoyan,greco-roman wrestling,bronze,male
130816,Rovshan Bayramov,greco-roman wrestling,silver,male
130821,Ruslan Tumenbaev,greco-roman wrestling,bronze,male
130892,Sheng Jiang,greco-roman wrestling,bronze,male
130932,Steeve Guénot,greco-roman wrestling,gold,male
131159,Yannick Szczepaniak,greco-roman wrestling,bronze,male
131162,Yavor Yanakiev,greco-roman wrestling,bronze,male
131200,Yury Patrikeyev,greco-roman wrestling,bronze,male
131234,Zoltán Fodor,greco-roman wrestling,silver,male
